の	6602
する	6356
を	6249
に	5285
が	4876
は	4447
だ	2559
と	2093
いる	2052
ﾀ	1454
で	1443
ない	1426
…	1302
か	1282
れる	1099
ｰ	990
も	947
から	938
ある	930
……	826
ｸ	787
ｴ	785
無線	778
敵	755
：	752
のだ	750
ます	747
｡	689
ﾇ	686
ゲイツ	654
この	628
な	627
ｿ	623
ﾁ	618
こと	573
ようだ	556
ｵ	547
なる	535
ぞ	534
くれる	529
自分	525
ｻ	524
へ	516
ﾙ	490
くる	482
ｹ	460
ｺ	445
ぬ	435
ﾌ	430
無い	406
来る	404
＿	400
世界	397
んだ	389
ｱ	388
その	387
ｼ	384
まで	377
者	373
人	355
これ	354
ここ	347
｣	343
しまう	340
俺	338
ケース	338
ﾏ	333
｢	329
4988601004404	328
･･･	325
我々	317
私	316
社長	314
警官	314
ら	313
ﾎ	310
ﾞ	310
いう	300
ｾ	298
奴	294
開始	288
よ	284
ｳ	282
仲間	280
やる	280
それ	278
ｽ	275
中	275
ﾃ	274
ｶ	271
よい	271
戦闘	270
何	267
ｷ	267
君	262
せる	252
そこ	250
2	250
入る	249
よる	244
こちら	239
地点	238
ロイ	238
日	236
■	236
将軍	231
ﾚ	230
破壊	230
ミッション	223
行く	219
〜	218
ああ	217
今	215
殲滅	213
部隊	212
くださる	211
殺す	210
ハゲ	209
武器	208
警察	208
内	206
軍	204
男	204
いい	203
らしい	203
所	201
ﾟ	201
ﾂ	201
ボス	200
達	199
たち	198
お前	197
死ぬ	196
時	195
組織	191
できる	191
一	190
ため	189
兵士	189
より	188
ﾅ	188
年	188
ﾄ	187
もう	186
ｯ	186
前	185
ロボット	184
制圧	184
だろう	183
ｮ	181
･	181
お	180
る	180
月	178
脱出	177
1	177
研究	177
幹部	175
事	175
兵器	175
ｦ	174
隊	173
機	173
放送	173
もの	172
だけ	172
思う	172
ﾆ	170
られる	168
あなた	167
突入	165
ジーン	165
でも	164
情報	164
倒す	163
殺害	162
犯行	158
ﾈ	153
分	153
上	151
任務	150
持つ	150
ﾖ	149
後	149
侵入	149
逃げる	148
たい	147
イベント	145
※	144
作戦	143
出す	142
部屋	142
用	141
いく	141
エルザ	141
ゾンビ	140
ｭ	138
隊員	137
向かう	136
つ	135
見る	135
ｫ	134
員	134
ﾗ	133
気	133
出る	132
ﾝ	131
そうだ	130
あの	128
爆弾	127
様	127
しか	126
階	126
すべて	125
基地	123
ﾔ	123
施設	122
ﾑ	122
犯人	122
どこ	121
人間	121
まだ	121
二	121
本部	120
排除	120
4	120
BDC	117
倉庫	116
知る	116
全て	115
､	115
市民	115
攻撃	114
すぐ	112
警備	111
行う	111
わかる	109
発生	109
そう	109
方	108
潜入	108
確認	108
等	107
もらう	107
襲撃	106
つく	106
早い	106
戻る	106
ヘリ	106
言う	105
拠点	104
ご	104
やがる	104
全滅	103
成功	103
指示	103
守れる	103
どう	103
家	103
アジト	102
場所	102
取引	101
ﾊ	100
ﾘ	100
探す	98
現場	96
女	96
ﾛ	95
3	95
１	94
写真	94
にて	93
了解	93
倒せる	92
会社	92
回収	92
室	92
鯊	92
特殊だ	92
ｪ	92
完了	92
地下	91
テロリスト	91
奥	90
使う	90
みる	90
署長	90
街	89
体	89
官	89
ところ	89
クイントビル	89
２	88
連中	87
全員	87
込む	86
守る	86
ｲ	86
彼	86
外	85
ﾉ	85
猟	85
原作	84
かも	84
手	84
ども	84
ゲイシ	84
兵	84
スネーク	84
占拠	83
爆破	83
ﾒ	83
とる	82
解除	82
数	82
また	81
ジョナサン	81
ね	81
う	81
どうやら	80
戻れ	79
待つ	79
とある	78
オペレーター	78
や	78
護衛	78
開発	77
第	77
頼む	77
ﾍ	76
聞く	76
班	76
パイソン	76
下	75
ホテル	75
装置	74
物	74
建物	74
はずだ	74
≪	74
≫	74
社	73
先	73
ただ	73
ビル	73
核	73
おい	73
時間	72
証拠	72
光学	71
しかし	71
おく	71
誰	71
さ	71
迷彩	70
行動	70
あと	70
被害	70
姫	69
奪取	69
部下	69
可能だ	69
2006	69
そして	68
しれる	68
s	68
度	67
現在	67
目	67
出来る	67
A	67
隊長	67
《	67
》	67
三	66
他	66
場合	66
警戒	66
ヒゲオ	66
店	65
必要だ	65
事務	65
起動	65
つける	65
YOU	65
くそ	65
なら	64
目標	64
失敗	63
制作	63
武装	63
相当だ	63
11	63
待機	63
側	62
人質	62
確保	62
発見	62
次	62
位置	62
的だ	62
４	62
大佐	62
AWWN	62
終わる	61
受ける	61
政府	61
そんな	60
worm	60
公	60
調べる	60
サツ	59
連絡	59
工場	59
スタート	59
入れる	58
悪い	58
集団	58
取る	58
STORIES	58
TimeLimit	58
謎	57
状況	57
話	57
分かる	57
――	57
抹殺	57
制御	56
増援	56
３	56
事件	56
所長	56
止める	56
本当だ	56
処理	56
チーム	56
国	56
幽霊	56
午前	56
終了	56
クソ	56
苦労	56
グループ	55
秒	55
使用	55
存在	55
爆発	55
金	55
なぜ	54
無事だ	54
部	54
今回	54
居る	54
号	53
5	53
あれ	53
将校	53
つつ	52
ﾕ	52
ヌルい	52
装備	52
発射	52
不明だ	52
到着	52
以上	51
車	51
実行	51
入り口	51
10	51
助ける	51
カニンガム	51
ちょっと	51
午後	51
など	50
技術	50
勢力	50
ＰＣ	50
置く	50
左	50
まずは	50
パソコン	50
おる	50
奪う	50
包囲	49
生物	49
救出	49
注意	49
見つける	49
無人	49
銃	49
場	49
わ	49
少し	48
商人	48
ｨ	48
きのこ	48
力	48
ぜ	48
強盗	47
4961012028085	47
リーダー	47
テロ	47
なんて	47
トラック	47
我が	47
ハゲる	47
PC	47
メタルギア	47
こんな	47
助かる	47
やつ	46
解体	46
動く	46
調査	46
長	46
さん	46
１２３４５６７８９10１２３４５６７８９20１２３４５６７８９30１２３４５	46
とりあえず	45
省略	45
地	45
方向	45
性	45
船	45
通信	45
共に	44
戦	44
何とか	44
為	44
―	44
帰る	44
DVD	44
政治	44
mapmission	44
収容	44
計画	43
攻める	43
扉	43
絶対	43
化	43
進む	43
命令	43
データ	43
反	43
戦う	43
大丈夫だ	43
派遣	42
若干	42
始末	42
まず	42
1970	42
ミサイル	42
ｧ	42
★	42
大	42
生きる	42
撃つ	42
阻止	42
様子	42
指揮	42
声	42
よう	42
め	42
ああああああ	42
HQ	42
ながら	41
四	41
暴走	41
町	41
良い	41
ロボ	41
実験	41
よし	41
全	40
最	40
改変	40
7	40
相手	40
おかしい	40
問題	40
連れる	40
わけだ	40
非常だ	40
やめる	40
さらに	40
始まる	39
違和感	39
市	39
ﾐ	39
間	39
与える	39
残念だ	39
工作	39
階段	39
って	39
狙う	38
ほしい	38
犯	38
ﾓ	38
なんとか	38
ダム	38
演説	38
B	38
設置	37
しばらく	37
最後だ	37
かける	37
橋	37
詳しい	37
ドア	37
命	37
どれ	37
ﾜ	37
このまま	37
敵兵	37
ありがとう	37
裏	36
入手	36
エリア	36
ムービー	36
拡大	36
貭	36
判明	36
参加	36
失う	36
目的	36
強化	36
やられる	36
車両	36
応援	36
駄場	36
声明	36
味方	35
依頼	35
危険だ	35
追う	35
作業	35
安全だ	35
死守	35
始める	35
重要だ	35
避難	35
送る	35
準備	35
暗殺	35
捜査	35
．	35
棟	35
続く	35
違う	34
乗る	34
城	34
何と	34
役人	34
条件	34
パトロール	34
ま	34
急ぐ	34
ロック	34
じゃあ	34
こっち	34
みんな	33
かかる	33
市街	33
残る	33
同じだ	33
夜	33
屋上	33
敵襲	33
近く	33
口	33
ウルスラ	33
まさか	33
やはり	33
D	33
試験	32
なお	32
ヤツ	32
周辺	32
襲う	32
監禁	32
得る	32
機動	32
利用	32
キー	32
29	32
従う	32
屋	32
用意	32
帰投	32
突破	32
直ちに	32
Ａ	32
裏口	32
ねえ	32
○	32
ぐう	32
あ	32
マイク	32
さて	32
僕	31
現れる	31
抵抗	31
ｩ	31
活動	31
12	31
コンテナ	31
皆殺し	31
関する	31
交渉	31
じゃ	31
とき	31
ゲーム	31
ﾋ	31
戦術	31
付ける	31
□	31
避ける	30
勝手だ	30
中央	30
邪魔だ	30
殺せる	30
違法だ	30
ほう	30
再	30
化け物	30
続ける	30
大量だ	30
今日	30
付く	30
状態	30
関係	30
8	30
駆除	30
開く	30
残り	30
視察	30
6	30
運ぶ	30
着く	30
吾郎	30
教祖	30
女の子	30
降りる	30
緊急だ	30
案内	30
なあ	30
DN	30
38416	30
ちまう	29
向かえる	29
逮捕	29
対策	29
し	29
15	29
一番	29
全部	29
限り	29
書類	29
C	29
見つかる	29
呼ぶ	29
なんと	29
物資	29
警報	29
聞こえる	29
既に	29
生体	29
高い	29
あたる	29
一緒だ	29
ほか	29
壊滅	29
ぐ	29
やってくる	28
テスト	28
キャンベル	28
単独	28
生き残る	28
かなり	28
要求	28
器	28
待てる	28
中心	28
村	28
事態	28
運び	28
身	28
神	28
箱	28
壁	28
起爆	28
TMP	28
あんた	28
あいつ	28
いやだ	27
敵対	27
元	27
画像	27
撃退	27
次第	27
ドイツ	27
近づく	27
さえ	27
通り	27
祈る	27
クリア	27
正面	27
感染	27
型	27
ことだ	27
Ｃ	27
姿	27
財団	27
エレベーター	27
ターゲット	27
通路	27
保管	27
投降	27
様だ	27
能力	27
名	27
客	27
どういう	27
Ｂ	27
♪	26
うち	26
立てこもる	26
コンピュータ	26
拉致	26
部長	26
報告	26
新兵	26
５	26
プレイヤー	26
097	26
協力	26
会	26
駅	26
変更	26
港	26
すぎる	26
サイロ	26
捕虜	26
戦車	26
悪	25
30	25
進入	25
山奥	25
鮴	25
氏	25
まま	25
健闘	25
起こす	25
地域	25
ft	25
発砲	25
作る	25
内容	25
決まる	25
移動	25
終わり	25
消す	25
音	25
射殺	25
なに	25
9	25
行ける	25
任せる	25
彼女	25
ソコロフ	25
M	24
べきだ	24
vs	24
潜伏	24
戦い	24
多数	24
女性	24
昼	24
版	24
台	24
超	24
例の	24
途中	24
投入	24
マップ	24
結果	24
品	24
見える	24
抜ける	24
搬入	24
人物	24
撤退	24
切る	24
管理	24
わけ	24
こいつ	24
おそらく	24
けど	24
上陸	23
潰す	23
連合	23
迎撃	23
多い	23
援護	23
軍事	23
マシン	23
道	23
死亡	23
返す	23
眼鏡	23
すでに	23
課長	23
クリスマス	23
ただしい	23
付近	23
無力だ	23
電源	23
突撃	23
壊す	23
不審だ	23
いや	23
放棄	23
仕掛ける	23
27	23
まぁ	23
速やかだ	23
21	23
そちら	23
助け	23
許可	23
Mission	23
4976219653541	23
くそっ	23
おまえ	23
撃てる	23
しっかり	23
野郎	23
量	22
逃走	22
倍	22
渡る	22
xops	22
2007	22
狩り	22
我が国	22
役所	22
別だ	22
規模	22
死体	22
対応	22
強奪	22
異常だ	22
ルート	22
公園	22
高官	22
システム	22
見せる	22
資材	22
話す	22
極秘	22
もし	22
っぽい	22
アメリカ	22
発令	22
盗む	22
至急	22
庫	22
さっき	22
隠れる	22
2008	22
教える	22
指令	22
です	21
妻	21
社員	21
狙い	21
すむ	21
さあ	21
難易	21
監視	21
輸送	21
許す	21
陽動	21
廃墟	21
屋敷	21
弾	21
おかげ	21
そいつ	21
周囲	21
す	21
住宅	21
抜く	21
説明	21
なんか	21
同僚	21
空港	21
我	21
通報	21
保護	21
少ない	21
進める	21
艦	21
区画	21
代わり	21
以外	21
LeopoldFitzgeraldSeville	21
向く	21
よく	21
28	21
占領	21
CASE	21
別動隊	21
ポイント	21
きる	21
段ボール	21
新ただ	21
20	21
反乱	21
各自	21
司令	21
無理だ	21
；	21
ぎゃあ	21
良男	21
だって	20
コンピューター	20
Player	20
MAP	20
７	20
頑張る	20
変わる	20
合図	20
その後	20
マフィア	20
回	20
新型	20
署	20
課	20
感知	20
内部	20
使える	20
会長	20
押し寄せる	20
4988601004947	20
首謀	20
ソ連	20
名前	20
見張り	20
判る	20
ほど	20
秘書	20
此処	20
メタル	20
手段	20
支部	20
貴い	20
馬鹿だ	20
だれ	20
おお	20
撤収	20
おのれ	20
最終だ	19
強い	19
コンビナート	19
完全だ	19
報復	19
調整	19
どうぞ	19
化学	19
残す	19
次の	19
玄関	19
多く	19
小隊長	19
非	19
県	19
狙撃	19
真	19
ひと	19
企業	19
犯罪	19
週間	19
自由だ	19
動き	19
感謝	19
考える	19
この先	19
消える	19
押収	19
F	19
せい	19
娘	19
ついに	19
オフィス	19
少佐	19
皆	19
繰り返す	19
コーナー	19
死	19
本	19
要請	19
近い	19
ブツ	19
入れ	19
SOLARNET	19
バック	19
開ける	19
真理	19
段	19
ウィルス	19
一部	18
ともに	18
鄲	18
扈	18
交戦	18
直後	18
表示	18
鍵	18
やっと	18
さらう	18
一体	18
含む	18
黒	18
いつも	18
バレる	18
噂	18
構う	18
確かだ	18
大きい	18
ゆっくり	18
つもりだ	18
決定	18
戦力	18
向こう	18
あう	18
判断	18
分隊	18
再び	18
ギア	18
裏切る	18
こう	18
探せる	18
ABF	18
正解	18
領域	18
まずい	18
たった今	18
チクショウ	18
瑠偉	18
相当	18
配置	17
地図	17
治安	17
忘れる	17
なかなか	17
一般	17
辺り	17
書く	17
パイロン	17
囲む	17
射撃	17
会話	17
通る	17
仕方ない	17
とにかく	17
積む	17
所属	17
館	17
頭	17
演出	17
振興	17
対する	17
崩壊	17
電話	17
パーティ	17
念のため	17
奪還	17
Xops	17
休暇	17
無駄だ	17
厄介だ	17
隠す	17
試作	17
＝	17
銃声	17
まあ	17
搭載	17
新しい	17
何も	17
待ち伏せ	17
好きだ	17
だな	17
困る	17
ぐわ	17
秘密だ	16
探索	16
OpenXOPS	16
拝借	16
塔	16
討ち	16
空中	16
戦争	16
接触	16
当時	16
地区	16
楽しむ	16
移る	16
離れる	16
６	16
操作	16
病院	16
メッセージ	16
銀行	16
衝撃	16
何者	16
玉	16
URBAN	16
サングラス	16
先輩	16
友人	16
以下	16
弾頭	16
捜索	16
ロボタ	16
出現	16
予想	16
提供	16
続き	16
痛い	16
アイギス	16
住民	16
プレイ	16
体制	16
機密	16
海	16
達成	16
スーツ	16
SASK	16
男女	16
下手だ	16
水	16
半島	16
NoMercySpecialWeaponsAndTacticsNMSWAT	16
下さる	16
落ちる	16
安心	16
迫る	16
S	16
歩く	16
発	16
同行	16
まえ	16
邱	16
捨てる	16
応戦	16
接近	16
謝	16
告ぐ	16
予感	15
会議	15
顔	15
急だ	15
遺産	15
エージェント	15
なれる	15
専用	15
理由	15
全力	15
どうも	15
下層	15
地元	15
やれる	15
集会	15
番号	15
敵国	15
ジェームズ	15
言える	15
一応	15
大魔王	15
人員	15
数体	15
以前	15
トイレ	15
回る	15
トンネル	15
作動	15
信者	15
阿片	15
窟	15
黙る	15
起きる	15
こそ	15
木箱	15
男性	15
網	15
国境	15
警告	15
25	15
バリア	15
今度	15
色々だ	15
ばれる	15
ハイだ	15
友軍	15
巻く	15
機能	15
きっと	15
ダンボール	15
よこす	15
居場所	15
殿	15
方面	15
立て	15
うわる	15
H	15
ヒゲジ	15
ハゲピオ	15
target	15
遺跡	14
現地	14
え	14
のみ	14
箍	14
篋	14
目の前	14
各	14
目印	14
裏切り者	14
事実	14
暗証	14
覚悟	14
集結	14
腕	14
こむ	14
最近	14
構成	14
偉大だ	14
爆薬	14
上がる	14
複数	14
16	14
うまい	14
FILER	14
巡査	14
事故	14
線	14
リスト	14
ホントだ	14
厳重だ	14
罠	14
後ろ	14
ヒント	14
国家	14
帰還	14
仕様	14
無	14
収集	14
守り	14
だまだ	14
そのまま	14
隣	14
まったく	14
鉄橋	14
偵察	14
つら	14
FOX	14
立つ	14
右	14
26	14
ございます	14
ぶっ	14
何の	14
とおり	14
く	14
エリート	14
こい	14
総員	14
片付ける	14
豚	14
実は	14
抑える	14
猊	14
アレックス	14
そっち	14
何で	13
もちろん	13
手配	13
反対	13
機会	13
妙だ	13
ReAct	13
予定	13
返り	13
少数	13
14	13
詰める	13
ｬ	13
厳しい	13
もらえる	13
生き延びる	13
治療	13
際	13
何らか	13
横	13
訪れる	13
集まる	13
祖国	13
停止	13
隣国	13
セリフ	13
最上だ	13
意味	13
処分	13
責任	13
小	13
モアイ	13
恐怖	13
バカだ	13
BigDove	13
はず	13
ジジジ	13
信管	13
バイオハザード	13
同時に	13
ブロック	13
番	13
出動	13
寝る	13
迎え撃つ	13
移送	13
ほとんど	13
チャンス	13
最強だ	13
発電	13
封鎖	13
飛行機	13
ついで	13
敷地	13
展開	13
海岸	13
サイボーグ	13
到達	13
勝利	13
辺	13
通う	13
コントロール	13
空き巣	13
怪しい	13
何処	13
さっさと	13
その場で	13
面倒だ	13
貸し	13
ポッド	13
破る	13
耐える	13
麻薬	13
渡す	13
多少	13
適当だ	13
正体	13
穴	13
いただく	13
大統領	13
周り	13
ふっ	13
たん	13
成立	13
おおい	13
つまり	12
集める	12
ノルマンディ	12
飲食	12
端末	12
4531894222873	12
経つ	12
目撃	12
１０	12
原因	12
fodrlmap	12
ｗ	12
薬	12
従える	12
センサー	12
DEF	12
カット	12
機体	12
全く	12
ギャング	12
遊ぶ	12
向ける	12
Ver	12
初期	12
殺人	12
ゴースト	12
早速	12
兄弟	12
約	12
童貞	12
処女	12
協会	12
鯀	12
簡単だ	12
一斉だ	12
山賊	12
096	12
たつ	12
邁	12
上げる	12
メガフロート	12
難民	12
飛ぶ	12
取れる	12
届ける	12
取り	12
機械	12
列車	12
なるべく	12
追加	12
認める	12
休む	12
正門	12
迎賓館	12
刑事	12
込み	12
０	12
遅れる	12
でる	12
飛び降りる	12
シャツ	12
経営	12
かつて	12
悪化	12
人体	12
CIA	12
届	12
索敵	12
実力	12
拾う	12
キノコ	12
遂行	12
ソープ	12
止まる	12
受け取る	12
距離	12
本隊	12
当たる	12
何故	12
Dr	12
河	12
真実だ	12
市長	12
跡	12
模様	12
検問	12
脱走	12
通す	12
十分だ	12
誰だ	12
引き締める	12
移行	12
ぁぁぁぁ	12
出せる	12
なさる	12
黒服	12
ふ	12
あそこ	12
疲れる	12
兄さん	12
128	12
マヨネーズ	12
おける	12
中身	12
見張る	12
時限	12
傍受	12
受付	12
ッ	12
公安	12
巨大だ	11
て	11
バージョン	11
砦	11
現金	11
どちら	11
酩	11
連れ出す	11
パーティー	11
圏	11
弱い	11
白い	11
支援	11
スカイネット	11
形	11
エレベータ	11
最悪だ	11
潜む	11
事前	11
傭兵	11
大きな	11
ダミー	11
優先	11
変だ	11
もはや	11
強行	11
出かける	11
ウイルス	11
掴む	11
上手い	11
護送	11
分かれる	11
集合	11
集中	11
密売	11
戦艦	11
所有	11
前線	11
切れる	11
t	11
静かだ	11
シリーズ	11
陥落	11
明らかだ	11
活発だ	11
去る	11
ようこそ	11
ごと	11
領土	11
不能だ	11
通じる	11
13	11
一室	11
向かい	11
主	11
不	11
難しい	11
都	11
長い	11
前回	11
詰所	11
墜落	11
地下鉄	11
暗い	11
配備	11
あり	11
宗教	11
グレネード	11
キャラ	11
大変だ	11
急行	11
義勇	11
３０	11
コード	11
牢獄	11
祭り	11
離脱	11
ノート	11
落とす	11
出口	11
父親	11
なり	11
掃討	11
食う	11
文書	11
欲しい	11
一気だ	11
方法	11
処刑	11
引き続く	11
普通だ	11
把握	11
兵隊	11
銃撃	11
持ちこたえる	11
救援	11
性能	11
逝く	11
ゴミ	11
対象	11
仕留める	11
退避	11
もん	11
ちくしょう	11
探れる	11
こうして	11
国軍	10
派	10
当然だ	10
一刻	10
一味	10
exe	10
狆	10
優秀だ	10
君達	10
食料	10
都市	10
降下	10
怪物	10
くせ	10
リア	10
有名だ	10
仕事	10
密輸	10
メンバー	10
無能だ	10
アパート	10
高	10
自ら	10
勧誘	10
マン	10
蟠	10
鄂	10
この前	10
奇襲	10
飲む	10
貨物	10
脅威	10
配電	10
ハッチ	10
目指す	10
決断	10
商談	10
道路	10
血	10
小さな	10
突然だ	10
パトカー	10
偽	10
約束	10
わん	10
なん	10
東京	10
深部	10
どんな	10
Z	10
希望	10
たどり着く	10
山間	10
防御	10
攻略	10
ダメだ	10
べし	10
新興	10
肉体	10
た	10
一連の	10
行方	10
管理人	10
ヘリポート	10
サンプル	10
そろそろ	10
頂く	10
オレ	10
合流	10
いつ	10
具合	10
さすが	10
路	10
王国	10
郊外	10
殺る	10
嫌だ	10
不可能だ	10
前方	10
緑	10
任意だ	10
売る	10
援軍	10
CAP	10
哨戒	10
汚染	10
まんまと	10
面白い	10
払う	10
ファン	10
申し訳	10
入隊	10
上官	10
うむ	10
たな	10
むこうだ	10
ふやっと	10
やっぱり	10
換気	10
創造	10
ックック	10
うわー	10
アナウンス	10
準	10
ハハハ	10
本物	10
容疑	10
なるほど	10
押さえる	10
あんな	10
窓	10
あな	10
３２１	10
傍聴	10
係員	10
風俗	10
UDV	10
対立	9
SecretOrganizationStory	9
闇	9
ばかり	9
覚える	9
突然	9
かまう	9
途絶える	9
愚かだ	9
決める	9
１８	9
２１	9
曇り	9
防衛	9
訳	9
叩く	9
だこ	9
友達	9
某	9
今後	9
大尉	9
日記	9
しかも	9
首領	9
子供	9
洗脳	9
負う	9
必ず	9
起こる	9
巡回	9
アップル	9
逃がす	9
敗北	9
採取	9
中毒	9
自動	9
多分	9
貯蔵	9
令和	9
先日	9
影響	9
投資	9
掛ける	9
登場	9
最大だ	9
決裂	9
革命	9
指定	9
時刻	9
2016	9
地方	9
縮小	9
雑居	9
執る	9
混乱	9
名目	9
加える	9
モード	9
簓	9
現状	9
誘導	9
丁	9
禁止	9
島	9
キャンプ	9
液体	9
深夜	9
郤	9
磯野	9
油断	9
幸いだ	9
化す	9
個	9
各地	9
白	9
−	9
撃破	9
雪山	9
自殺	9
笑	9
交代	9
新	9
47	9
意識	9
色々	9
損ねる	9
茶	9
どの	9
探る	9
信ずる	9
程度	9
金儲け	9
少々	9
銃弾	9
豼	9
外部	9
五	9
食い止める	9
23	9
缶	9
設計	9
盾	9
最初だ	9
見逃す	9
暴れる	9
簔	9
がんばる	9
棚	9
選ぶ	9
プログラム	9
心	9
筈	9
戦場	9
引く	9
搬送	9
ラスト	9
プロ	9
とても	9
0	9
足止め	9
ウギャ〜	9
渡れる	9
止まれる	9
諸君	9
EB	9
21137	9
い	9
ぁ	9
おめでとう	9
もっと	9
仇	9
救う	9
礼	9
圧倒	9
やあ	9
かい	9
おいおい	9
×	9
らくだ	9
両方	9
COM	9
弾道	9
セカンド	9
無用だ	9
遠い	9
備	9
失礼	9
槽	9
はな	9
Leader	9
Broker	9
広い	8
連携	8
ターミネータ	8
試みる	8
隔壁	8
半	8
ルーム	8
近づける	8
救い	8
邵	8
雇う	8
だし	8
特に	8
文字	8
過ぎる	8
たどり着ける	8
弾薬	8
影	8
知らせる	8
士	8
主犯	8
重	8
にくい	8
改造	8
施す	8
4988601004350	8
万が一	8
若者	8
討伐	8
行	8
引き起こす	8
24	8
尋問	8
会合	8
称する	8
入会	8
仮に	8
貴重だ	8
映像	8
キャラクター	8
廃	8
18	8
過去	8
振動	8
言葉	8
間違い	8
どうせ	8
盤	8
予備	8
無差別だ	8
恐れる	8
要塞	8
管制	8
走る	8
ソフト	8
DrG	8
臭い	8
恐れ	8
異なる	8
話し	8
合い	8
させる	8
力ずく	8
校長	8
機器	8
邸宅	8
最下層	8
引き上げる	8
喜ぶ	8
いまだ	8
行き	8
固める	8
気だ	8
争い	8
高速だ	8
撮影	8
乱射	8
駆けつける	8
朝	8
スナイパー	8
隠し	8
強力だ	8
05	8
捕らえる	8
団体	8
SP	8
国際	8
指名	8
石油	8
捕獲	8
尚	8
拷問	8
運	8
生死	8
生かす	8
源	8
行為	8
正義	8
平和だ	8
つながる	8
脚	8
航空	8
北	8
発信	8
寄せる	8
陸軍	8
範囲	8
タイミング	8
受け入れる	8
ESP	8
投棄	8
低下	8
小物	8
衆	8
カス	8
戻れる	8
DVDROM	8
ほぼ	8
役	8
想定	8
受取	8
対処	8
電波	8
バチ	8
NMSWAT	8
妨害	8
隣村	8
ｃ	8
完成	8
エラー	8
息子	8
漏れる	8
駐車	8
がる	8
応じる	8
みたいだ	8
離陸	8
種類	8
子	8
波	8
17	8
骨格	8
いたす	8
どうして	8
東	8
有難い	8
助手	8
よお	8
経由	8
ぐらい	8
W	8
WN	8
わざわざ	8
罪	8
ハッキング	8
アナタ	8
ぐぁぁ	8
オマエ	8
いったい	8
おう	8
相棒	8
凡人	8
不便だ	8
あませる	8
そういう	8
Q	8
間もなく	8
ハゲハゲ	8
容赦	8
暫	8
消せる	8
今だ	8
心配	8
ﾋﾟﾋﾟ	8
対	8
アル	8
同志	8
ブライアン	8
参る	8
適正だ	8
たまえる	8
問う	8
怪我	8
そだ	8
156	8
ひれ伏す	8
片付く	8
報道	8
よす	8
イカれる	8
罰	8
買う	8
すま	8
101112131415	8
廊下	8
38	8
合わせる	7
ライン	7
取り戻す	7
逃亡	7
西	7
確実だ	7
間に合う	7
GRENADE	7
遭う	7
夢	7
箇所	7
予測	7
住む	7
守備	7
及び	7
押す	7
明確だ	7
明日	7
付き	7
そのような	7
機関	7
スクウェア	7
エニックス	7
降る	7
あまり	7
体育	7
あまりだ	7
駆逐	7
殴る	7
病原	7
喉	7
り	7
本拠	7
カラフルだ	7
国民	7
紛れる	7
公開	7
簑	7
収録	7
民間	7
閉まる	7
乗っ取る	7
★☆	7
野望	7
生け捕り	7
タレコミ	7
鳴らす	7
溢れる	7
退路	7
操縦	7
宇宙	7
身動き	7
現	7
長官	7
楽しい	7
説得	7
さらだ	7
返る	7
G	7
終結	7
冷たい	7
こういう	7
信用	7
やく	7
とこ	7
倒れる	7
本国	7
新宿	7
文化	7
凶悪だ	7
流れる	7
オーバーだ	7
追撃	7
組む	7
態勢	7
騒ぎ	7
銃器	7
見事だ	7
証明	7
STORRY	7
ｗｗ	7
全体	7
活用	7
愛	7
詰まる	7
ちょうど	7
頂戴	7
量産	7
Chapter	7
先ほど	7
遭遇	7
所在	7
まるで	7
期待	7
求める	7
順調だ	7
地獄	7
出番	7
ん	7
あきらめる	7
倒産	7
手薄だ	7
足りる	7
強制	7
持ち帰る	7
関連	7
必死だ	7
世話	7
おっと	7
長老	7
裏手	7
上空	7
22	7
資料	7
搬出	7
だらけ	7
預ける	7
次に	7
補給	7
通過	7
残存	7
なんで	7
瞬間	7
取り付ける	7
最高だ	7
相続	7
始め	7
下がる	7
豊富だ	7
あげる	7
流通	7
成分	7
主任	7
全域	7
ブリーフィング	7
驚く	7
コイツ	7
リサイクル	7
ガサ	7
旧	7
運び出す	7
スタッフ	7
電車	7
考え	7
そんなに	7
昨日	7
家族	7
使い	7
気持ち	7
居座る	7
螻	7
時代	7
退治	7
負ける	7
該当	7
実戦	7
師	7
住人	7
ちゃん	7
火器	7
満たす	7
結構	7
酷い	7
ガード	7
地上	7
式	7
やむ	7
´	7
ば	7
たまう	7
ぎゃああああ	7
もつ	7
うるさい	7
やばい	7
歳	7
無謀だ	7
思える	7
望み	7
ほら	7
ザボス	7
金髪	7
ビンゴ	7
足場	7
遑	7
壊せる	7
鉄砲	7
記録	7
電力	7
貰う	7
あー	7
カメラ	7
意志	7
かかれる	7
ふぁ	7
シャゴホッド	7
吹っ飛ぶ	7
慎重だ	7
鹵獲	7
気づく	7
59	7
傷つける	7
騙す	7
どうした	7
蒟蒻	7
公館	6
角	6
コレクター	6
大いなる	6
訓練	6
質	6
F1	6
以内	6
それぞれ	6
地帯	6
とうとう	6
悪夢	6
結局	6
団	6
どうにか	6
ショック	6
バーガーズ	6
軽	6
枚	6
Y	6
要員	6
荒らす	6
○○	6
不気味だ	6
乏しい	6
冒す	6
映す	6
投下	6
生存	6
亡くなる	6
００	6
下図	6
そのもの	6
無くなる	6
日に日に	6
光	6
未来	6
件	6
K	6
Lala	6
尺	6
突如	6
最も	6
特務	6
手術	6
信頼	6
ネタ	6
一切	6
備える	6
クレーン	6
Avs	6
ゴール	6
321	6
けども	6
症状	6
発展	6
薬物	6
販売	6
諜報	6
当然	6
会場	6
押し入る	6
わが国	6
固い	6
息の根	6
困難だ	6
図書	6
XOPS	6
あちこち	6
魏	6
知り合い	6
招待	6
XopsyosisXMASaddon	6
疑わしい	6
暖房	6
暑い	6
苦情	6
大国	6
ハイテク	6
08	6
サラリーマン	6
送信	6
因子	6
正規だ	6
ランダム	6
生成	6
分布	6
急速だ	6
075	6
箙	6
かえる	6
区域	6
グレ	6
ソフトウェア	6
無論	6
危害	6
断つ	6
割	6
最初	6
邯	6
とりわけ	6
働く	6
親	6
森	6
王	6
間違う	6
いけない	6
実業	6
ショッピング	6
モール	6
飛雄	6
操る	6
我国	6
設ける	6
圧政	6
ブート	6
空間	6
勤務	6
通ずる	6
敷く	6
ネギ	6
見守る	6
尾行	6
極力	6
願う	6
選択	6
鞄	6
波平	6
XZ	6
今や	6
突きつける	6
EXT	6
プール	6
加圧	6
ダメージ	6
群馬	6
デパート	6
モノ	6
ただちに	6
シェア	6
強いる	6
toallsoldier	6
現時刻	6
いかに	6
逆だ	6
プロジェクト	6
監督	6
はじめ	6
by	6
マタタビ	6
製作	6
キングダムハーツ	6
張る	6
249	6
100	6
頂上	6
愛す	6
コックピット	6
墓地	6
再三	6
出頭	6
拘る	6
依然たる	6
ダウン	6
lunaps	6
練る	6
変態	6
率いる	6
生き返る	6
青	6
または	6
突く	6
もたらす	6
独立	6
エンジン	6
撃墜	6
カード	6
歴史	6
了承	6
視界	6
きた	6
証	6
通り抜ける	6
怒る	6
目覚める	6
狢	6
面会	6
製薬	6
動力	6
供給	6
唯一	6
侵攻	6
強大だ	6
ライバル	6
わし	6
違いない	6
警護	6
打つ	6
強引だ	6
図	6
弟	6
マカー	6
後部	6
爆撃	6
表層	6
運搬	6
レベル	6
休息	6
許せる	6
間違える	6
とく	6
保つ	6
緩衝	6
材	6
07	6
セット	6
仕業	6
かする	6
兵長	6
予告	6
テクスチャ	6
OS	6
切り札	6
ゼッカー	6
早急だ	6
ケミカル	6
コーポレーション	6
勝てる	6
視点	6
定員	6
直接だ	6
容易だ	6
知れる	6
音楽	6
ダクト	6
拘束	6
高級だ	6
バランス	6
サポート	6
結界	6
脚部	6
都合	6
一家	6
幸せだ	6
まわる	6
多脚	6
山	6
人権	6
主だ	6
だつ	6
ひどい	6
庭	6
瘴気	6
非難	6
悪巧み	6
商売	6
渡せる	6
アルゴラ	6
所詮	6
まい	6
あたり	6
仕方がない	6
装甲	6
御	6
円	6
いな	6
たすかる	6
たぶん	6
撃ち	6
負け	6
はは	6
4988601004077	6
悪意	6
らめ	6
貴様ら	6
メシ	6
畜生	6
容器	6
ノド	6
ァ	6
グハッ	6
勇気	6
エクササイズ	6
ぉぉぉぉ	6
ツイストツイスト	6
そろう	6
キミ	6
ω	6
特別だ	6
くう	6
生まれる	6
示す	6
犠牲	6
引き続き	6
よーい	6
確か	6
比較的	6
う〜ん	6
アアアア	6
盗掘	6
ワレラノダイチアラスモノニハバツヲアタエル	6
Ｌ	6
Ｒ	6
露出	6
動かせる	6
かま	6
瀕死	6
フェイク	6
見回り	6
スキャンダル	6
ハッハッ	6
だめだ	6
近衛	6
ぉぉぉぉぉぉ	6
こんなに	6
載る	6
７百万８百万９百万	6
ヴゥ〜	6
大人しい	6
段階	6
伝える	6
ふむ	6
ぞう	6
バジリスク	6
れ	6
ち	6
合う	6
死す	6
クソッ	6
死刑	6
乱入	6
UAV	6
いいえ	6
ふふふ	6
仕組み	6
手下	6
ふん	6
いらっしゃる	6
会員	6
19	6
ただす	6
船倉	6
グフッ	6
きや	6
He	6
〇	6
有利だ	6
イーグル	6
山頂	6
゛ぁ゛ぁ	6
ママ	6
レトリバー	6
甲板	6
プレゼント	6
暗号	6
ピーピー	6
vipBLUE	6
ガガガ	6
フセイン	6
決行	5
立てる	5
別荘	5
過激だ	5
察知	5
夜襲	5
砂漠	5
建造	5
合える	5
かつ	5
貘	5
軟禁	5
絶好	5
是非	5
語る	5
シェルター	5
慣れる	5
ネットワーク	5
浮かぶ	5
着る	5
劣悪だ	5
花火	5
パクる	5
県警	5
薬品	5
直前	5
点	5
バトック	5
人数	5
厚い	5
閑静だ	5
廃棄	5
作者	5
人形	5
おまけ	5
複雑だ	5
基本	5
風邪	5
足	5
構造	5
勝負	5
羽目	5
混じる	5
聖だ	5
解る	5
豌	5
ESC	5
運命	5
区間	5
機材	5
一端	5
担う	5
睨む	5
控える	5
霈	5
拾える	5
狡猾	5
生き残り	5
つかむ	5
動員	5
ハード	5
小型だ	5
帰す	5
感じ	5
時期	5
隠密	5
通称	5
どうにも	5
騒ぐ	5
読む	5
運送	5
深い	5
窒素	5
寒い	5
上層	5
星人	5
悪趣	5
味な	5
像	5
趣味	5
ようやく	5
引き渡す	5
航行	5
出撃	5
京王	5
浸水	5
大型だ	5
武力	5
一様だ	5
整う	5
要人	5
変装	5
生き残れる	5
見方	5
部外者	5
わざと	5
土地	5
届け	5
為政	5
我が家	5
90	5
持ち主	5
反逆	5
事情	5
ふう	5
あふれる	5
お告げ	5
税金	5
陳情	5
本社	5
隙	5
用いる	5
増える	5
十分	5
リャン	5
拳銃	5
MP	5
ｘ	5
相談	5
ブチ	5
まともだ	5
かぎり	5
殺し	5
何やら	5
愛人	5
収まる	5
小屋	5
記す	5
料	5
昔	5
03	5
怒り	5
有効だ	5
ハッハッハッ	5
占い	5
８	5
双子	5
悲鳴	5
赤い	5
足元	5
兼ねる	5
奮	5
順番	5
ボート	5
稀だ	5
まさに	5
今年	5
世	5
報酬	5
耳	5
その他	5
兵力	5
小隊	5
同一だ	5
社会	5
故障	5
徒歩	5
GLOCK	5
成果	5
放置	5
入港	5
特定	5
企む	5
向こう側	5
済む	5
トラップ	5
明かす	5
手数	5
そのうち	5
睇	5
めだ	5
分散	5
制限	5
ゲート	5
終える	5
聞ける	5
続行	5
伴う	5
需要	5
戦士	5
気に入る	5
正攻法	5
抜け道	5
先遣	5
蹴る	5
甘い	5
食べる	5
危ない	5
愛する	5
支社	5
舞台	5
班長	5
アイツ	5
表	5
飛行	5
一定	5
互い	5
飛ばす	5
先鋒	5
一方	5
支障	5
ルール	5
何でも	5
やすい	5
魔法使い	5
恐ろしい	5
下っ端	5
全国	5
防ぐ	5
バケモノ	5
中東	5
狂う	5
能	5
諦める	5
処置	5
武者	5
貴方	5
偽装	5
思考	5
真下	5
風	5
同士	5
戦友	5
騒がしい	5
気合	5
村民	5
RAXA	5
32	5
もっとも	5
いえる	5
支配人	5
でかい	5
効く	5
しょ	5
なんという	5
いこう	5
届く	5
わたし	5
かかれ	5
英雄	5
以って	5
行使	5
成す	5
生む	5
ガハッ	5
しつこい	5
触れる	5
黙れる	5
アウト	5
E	5
あっ	5
生	5
二手	5
担当	5
被弾	5
死ねる	5
食らう	5
犬	5
OK	5
ボク	5
ワクチン	5
医療	5
無理	5
望む	5
いやいや	5
80	5
癪だ	5
継ぐ	5
創る	5
呪う	5
さらば	5
あばよ	5
いよいよ	5
そば	5
だなー	5
パタリ	5
紫	5
乗り	5
さっそく	5
こ	5
捨て	5
帰れる	5
流石	5
方位	5
文句	5
かなう	5
術	5
製	5
国防	5
久しぶりだ	5
お互い	5
答える	5
記憶	5
グラーニン	5
鉢	5
しま	5
ｓ	5
手掛かり	5
植木	5
手あたり次第	5
嘘	5
イ	5
ひく	5
なくなる	5
せめて	5
血液	5
とれ	5
ジャミング	5
周波	5
散開	5
予知	5
偽者	5
最低だ	5
40	5
若い	5
賢者	5
待ち望む	5
ひとまず	5
勘	5
コスト	5
罵倒	5
えー	5
じき	5
冷戦	5
hisakunBLUE	5
やり	5
だま	5
来店	5
店員	5
NETCAFE	4
備考	4
雑魚	4
大人数	4
しむ	4
新式だ	4
当初	4
挑戦	4
量販	4
開き	4
余地	4
しかたない	4
在る	4
リーダ	4
酳	4
ただし	4
今夜	4
弱体だ	4
未だに	4
首都	4
絶つ	4
息	4
免れる	4
住処	4
揃える	4
みつける	4
いま	4
頻繁だ	4
増す	4
外す	4
付き合う	4
スイッチ	4
メガ	4
構える	4
鑑賞	4
打ち上げ	4
新潟	4
不可解だ	4
立て篭もる	4
解決	4
事項	4
下す	4
gates	4
立て篭る	4
ヒゲ	4
ロケット	4
ゾ	4
妄想	4
遅い	4
思い出す	4
もしくは	4
名乗る	4
利	4
なか	4
本来	4
裁判	4
那牙多	4
センセー	4
献金	4
絆	4
結ぶ	4
釈放	4
どさくさ	4
悪魔	4
140	4
本家	4
首相	4
覚める	4
防弾	4
村長	4
かくまう	4
シャッター	4
採用	4
吊橋	4
難航	4
貿易	4
ストップ	4
金庫	4
どっか	4
興味深い	4
平行	4
籍	4
酒	4
頼み	4
たった	4
来	4
変電所	4
停電	4
生産	4
孤立	4
無援	4
玉砕	4
旅客機	4
超える	4
着陸	4
激減	4
夏	4
偶然だ	4
鎮圧	4
498860100440	4
追跡	4
企てる	4
就職	4
直す	4
行く手	4
マーク	4
低い	4
もしかすると	4
斡旋	4
船舶	4
立入	4
新鮮だ	4
先導	4
最中	4
ＦＰＳ	4
度重なる	4
遺骨	4
協議	4
重ねる	4
指導	4
いくら	4
海軍	4
湾	4
坑道	4
資金	4
莢	4
鄙	4
盗難	4
籠城	4
まとう	4
人々	4
左記	4
参照	4
立て篭もり	4
頼りない	4
印象	4
人民	4
頼もしい	4
ｗｗｗ	4
所員	4
単なる	4
一派	4
96	4
土	4
商店	4
流す	4
対地	4
対空	4
脱出し	4
門	4
急襲	4
セキュリティ	4
HMT	4
リョウ	4
キキュウマル	4
HMH	4
リョウキワンエス	4
HuntingMachine	4
頭文字	4
湧く	4
観賞	4
陸戦	4
遠征	4
試合	4
野球	4
タウン	4
強靭だ	4
まく	4
たまだ	4
助	4
法	4
折角	4
すぎ	4
盂	4
莖	4
多発	4
例外	4
63	4
トラブル	4
一同	4
心強い	4
導く	4
勧告	4
基	4
破棄	4
陸路	4
中庭	4
物語	4
長野	4
観光	4
議員	4
悪党	4
正式だ	4
峠道	4
見守れる	4
申し入れる	4
駐留	4
経路	4
近日	4
在庫	4
われわれ	4
あるいは	4
踏み込む	4
ついでに	4
末	4
大事だ	4
活躍	4
きれる	4
宝	4
野村	4
哲也	4
予め	4
机	4
短銃	4
ず	4
忍び込む	4
メーカー	4
どうり	4
合格	4
ピラミッド	4
稼ぐ	4
ブリッジ	4
残骸	4
軍将	4
校	4
鄰	4
GS	4
着弾	4
役立てる	4
流れ弾	4
脅迫	4
必ずしも	4
53	4
せっかく	4
夫婦	4
バッテリー	4
ＸＸ	4
塞ぐ	4
〜ゲイツ	4
経験	4
コレクション	4
梱包	4
プラスチック	4
民	4
2015	4
散発	4
反攻	4
帯	4
活路	4
用心	4
追手	4
横取り	4
軍隊	4
撃滅	4
菘	4
恐るべき	4
かねる	4
捕まる	4
脳	4
出席	4
ご覧	4
動作	4
観覧	4
作品	4
試す	4
ココ	4
怪	4
プレステ	4
そこら	4
ころ	4
物理	4
教団	4
突き止める	4
５０	4
人称	4
不足	4
悩む	4
オーバー	4
素質	4
告白	4
ESCs	4
開放	4
だす	4
焼肉	4
狂牛病	4
ガードロボ	4
とれる	4
沈む	4
特徴	4
夫妻	4
乗れる	4
本編	4
仕込む	4
長引く	4
伝説	4
厨房	4
抹消	4
検証	4
蠖	4
ホームレス	4
どうしても	4
生活	4
イル	4
支える	4
進行	4
→	4
ハッ	4
腐る	4
デート	4
やれ	4
実態	4
その様な	4
裏付ける	4
辿る	4
昇降	4
見立てる	4
打ち砕く	4
邪	4
神像	4
広がる	4
連射	4
観念	4
AK	4
ライル	4
かき集める	4
忠誠だ	4
映画	4
元気だ	4
はじめる	4
このような	4
裏切り	4
蓄積	4
不思議だ	4
阻む	4
禁物	4
蟆	4
越し	4
TIMELIMIT	4
整える	4
\t	4
たまる	4
精密だ	4
test	4
出血	4
参戦	4
埋もれる	4
うん	4
楽だ	4
支配	4
永遠だ	4
アドオン	4
コイン	4
クリアだ	4
ロスト	4
モードヘ	4
がね	4
出発	4
威信	4
交	4
び	4
九	4
ごつ	4
係	4
繋げる	4
まあまあ	4
もち	4
分け	4
ご苦労様だ	4
引っかかる	4
間抜けだ	4
キャー	4
凍る	4
ど	4
通用	4
大将	4
ぎゃぁぁぁぁぁーーー	4
懐かしい	4
たすける	4
げる	4
42	4
フェイズ	4
カウント	4
入り	4
キャ〜	4
アンタ	4
ちる	4
移れる	4
道具	4
敵討ち	4
素直だ	4
嬉しい	4
糞	4
屠殺	4
小さい	4
ワンモアセッ	4
調子	4
ヴィクトリ	4
何だか	4
よくも	4
点検	4
ピッ	4
カンキダクトノテンケンシュウリョウ	4
イジョウナシ	4
だい	4
矛	4
売れる	4
さようなら	4
トップ	4
込める	4
大麻	4
フゥ	4
見返り	4
おうい	4
戦略	4
ヲ	4
oO	4
帝国	4
ゲイツギャ〜ッ	4
ポリスフッ	4
崖	4
左右	4
LastMission	4
業者	4
料金	4
不法だ	4
うぉ	4
サマ	4
Xopsexe	4
威力	4
チャージ	4
無し	4
ぐふう	4
願い	4
大挙	4
グフッウププ	4
戦える	4
半日	4
まこ	4
こま	4
数える	4
貧乏だ	4
フロア	4
箴	4
BIGBOSS	4
ピリリピリリ	4
よりこ	4
ミイラ	4
すみません	4
東進	4
そそう	4
詳細だ	4
要件	4
操業	4
初	4
ぶち	4
軍人	4
全然	4
くつろぐ	4
暮らす	4
しげみ	4
ガレージ	4
ピュ〜	4
完結	4
お疲れさまだ	4
Ｄ	4
ぞだ	4
気配	4
計算	4
TNT	4
かね	4
ゲイツゲイツ	4
正念場	4
何より	4
だなんだ	4
独り	4
はあはあ	4
手当て	4
凌ぐ	4
グズグズ	4
天才	4
クズ	4
侮辱	4
背く	4
手練	4
慎む	4
切り替える	4
中尉	4
負傷	4
資源	4
ぐぁ	4
万歳	4
怪人	4
プレーヤー	4
存じる	4
一致	4
大部	4
パトリオット	4
格納	4
設定	4
振り切れる	4
怖い	4
姉	4
足跡	4
対抗	4
よしよし	4
鼓動	4
足らず	4
遊び	4
ショー	4
ェ	4
スパイ	4
はい	4
真っ先	4
窓際	4
ＴＩＭＥＯＶＥＲ	4
バックアップ	4
送れる	4
AWORLDWITHNO	4
CHAPTER	4
ひっかかる	4
なこ	4
述べる	4
ギエェェェェェ	4
コピー	4
売春	4
婦	4
フン	4
儂	4
ビール	4
歌う	4
びじょ	4
ばあ	4
片づける	4
造る	4
軍用	4
ないし	4
迂回	4
統合	4
FAMAS	4
ｶﾞｶﾞ	4
身体	4
出資	4
ウオオォオォオオ	4
missionSTART	4
回す	4
きたない	4
iX	4
120	4
書	4
ブルルン	4
搭乗	4
すく	4
ゲイツグヘェグヘェグヘッ	4
ヒャヒャヒャ	4
名答	4
チョコレート	4
アクア	4
艦橋	4
操舵	4
41	4
車庫	4
皆さん	4
少なくとも	4
思い知る	4
ぽわっぴっぶっぺい	4
Zero	4
集約	4
─	4
MIRV	4
共	4
自爆	4
アンデッド	4
不死	4
副	4
作用	4
醜い	4
外見	4
何とも	4
保菌	4
変化	4
まぬがれる	4
すみずみ	4
空爆	4
知らせ	4
アノ	4
キリ	4
イチ	4
谷	4
オイ	4
がけ	4
先端	4
感情	4
◎	4
д	4
ココだ	4
手伝う	4
はっはっ	4
秘	4
書しゃ	4
残酷だ	4
ヌケヌケ	4
がってだ	4
とどまる	4
無抵抗だ	4
228	4
兄	4
ゆける	4
敵地	4
Deeferrobot	4
またしても	4
劣	4
キミだ	3
視	3
物件	3
前者	3
諦め	3
ボスステージ	3
北海道	3
自衛	3
駐屯	3
04	3
ｴﾙｴﾙ	3
貅	3
掃除	3
派手だ	3
難	3
取り組める	3
百家	3
ビジョン	3
ｋｍ	3
暇だ	3
部室	3
ry	3
後方	3
ヶ月	3
落ち着き	3
忙しい	3
裏技	3
toallretriever	3
浸入	3
はかる	3
マラリア	3
空き缶	3
執務	3
消え失せる	3
その頃	3
取り囲む	3
理性	3
殺意	3
叫ぶ	3
逃す	3
確定	3
流れ	3
弾丸	3
1976561115	3
脇	3
フォース	3
暮らし	3
生意気だ	3
下水	3
個室	3
防音	3
謳う	3
インターネット	3
憎む	3
撲滅	3
近藤	3
片貝	3
カタパルト	3
パイロット	3
きれ	3
積荷	3
更に	3
隔離	3
まつわる	3
尽きる	3
編入	3
傍目	3
埼玉	3
近所	3
ドナルド	3
ワケ	3
ワカメ	3
もたもた	3
オヤジ	3
が行	3
透明だ	3
ヒャヒャ	3
寄生	3
虫	3
定かだ	3
微熱	3
幻覚	3
衝動	3
激しい	3
かゆい	3
み	3
訴え	3
重度だ	3
似る	3
人材	3
黒い	3
半分	3
作成	3
換える	3
しそ	3
箏	3
皺	3
ABC	3
程	3
なし	3
決死	3
ならびに	3
決め付ける	3
遣う	3
害	3
荒らし	3
ＭＳ	3
眇	3
鮑	3
売買	3
霓	3
神社	3
取調べ	3
最寄	3
負える	3
長期	3
焼く	3
上司	3
動ける	3
T	3
夢音	3
再生	3
チャレンジ	3
1976561058	3
巻	3
1976560527	3
振り切る	3
望める	3
着替える	3
偽る	3
葬る	3
スタミナ	3
田園	3
自力	3
UEXF	3
作	3
箒	3
学校	3
たくさんだ	3
グダグダ	3
部分	3
理不尽だ	3
含める	3
前橋	3
徒党	3
征服	3
全身	3
十	3
AnotherStory	3
真相	3
BF	3
見当たる	3
詰め	3
フェスティバル	3
家庭	3
熾烈だ	3
激化	3
暴徒	3
抗争	3
勃発	3
苦戦	3
ＳＯＭＹ	3
Ｚ	3
ＢＯＸ	3
３６０	3
生み	3
自宅	3
辿り着ける	3
国立	3
南方	3
どんどん	3
不安だ	3
収拾	3
再度	3
及ぶ	3
オンライン	3
☆☆☆	3
20070303	3
越える	3
発売	3
ずらい	3
マウンテン	3
輩	3
over	3
軍団	3
I	3
個人	3
直属	3
激怒	3
飼える	3
スペース	3
クリーンだ	3
棲み	3
名無	3
買出し	3
心配だ	3
提唱	3
鉱石	3
採集	3
盗賊	3
プロト	3
タイプ	3
中隊	3
コックピック	3
集積	3
加わる	3
MF	3
非合法だ	3
いろいろだ	3
銃刀	3
凶器	3
ベランダ	3
METALGEAR	3
ぇぇぇぇ	3
WaneStone	3
死人	3
ver	3
極まりない	3
随行	3
潜水	3
先程	3
船体	3
傾く	3
提出	3
案	3
却下	3
閉鎖	3
パートナー	3
hibill	3
半壊	3
装う	3
新造	3
ブラック	3
マンバ	3
シルバーバレット	3
勇名	3
馳せる	3
迎え入れる	3
大いに	3
大任	3
必ずや	3
ガリル	3
レザック	3
空挺	3
誘い	3
艇	3
照合	3
産	3
複合	3
特設	3
退ける	3
生える	3
毒	3
くらい	3
海老	3
またと	3
マジック	3
マッシュルーム	3
栽培	3
アヘン	3
洋館	3
さまよい	3
見知らぬ	3
黒々	3
乱立	3
群	3
整然たる	3
留める	3
間人	3
かわり	3
不死身だ	3
浴びる	3
何事	3
立ち上がる	3
徘徊	3
何もかも	3
轟く	3
反発	3
蠡	3
マシーン	3
勝つ	3
寸断	3
残らず	3
U	3
1976560012	3
児童	3
虐待	3
宝石	3
不幸だ	3
依然	3
回復	3
色んな	3
証人	3
1976560506	3
1976560602	3
構内	3
出張	3
脅かす	3
101	3
反撃	3
すけ	3
境界	3
調達	3
1976560825	3
好ましい	3
共和	3
こまる	3
前君	3
復讐	3
そそのかす	3
客船	3
赤	3
ふざける	3
モスクワ	3
MXMineXops	3
デニーズ	3
附置	3
解散	3
復活	3
仲	3
譲る	3
挟み撃ち	3
ゆすり	3
救える	3
母国	3
扱う	3
勝機	3
救助	3
池	3
すいません	3
ドライバー	3
ガンナー	3
レジ	3
スタリーン	3
猜	3
捉える	3
眞	3
たくさん	3
鳴る	3
出向く	3
徹す	3
OVER	3
逃げ	3
服装	3
陣地	3
日本	3
凶弾	3
165	3
角度	3
跳弾	3
脳死	3
combatn	3
応募	3
グルグル	3
残像	3
組	3
喧嘩	3
まもなく	3
大勢	3
イメージ	3
統御	3
諸共	3
破滅	3
猛攻	3
エロ	3
己	3
許し	3
層	3
WVA	3
１５	3
雨天	3
fromBach	3
ターミナル	3
跡地	3
ヶ	3
積み	3
toall	3
強襲	3
自家	3
イベントミッション〜ヌル	3
点在	3
興味	3
02	3
檻	3
話し声	3
属する	3
陣	3
事業	3
ふがいない	3
はいる	3
EastCross	3
響き	3
盗聴	3
立ち入り	3
覚ます	3
ジェノサイド	3
回路	3
猛	3
中止	3
不滅だ	3
応答	3
それとも	3
通告	3
標的	3
わっ	3
しだい	3
除く	3
不利だ	3
商品	3
過酷だ	3
会える	3
犒	3
配る	3
ヒマだ	3
それなり	3
原則	3
うかつだ	3
まっすぐ	3
晒す	3
発す	3
独断	3
とめる	3
スター	3
ル	3
正しい	3
察す	3
出会い	3
下克上	3
戦国	3
はずれ	3
林	3
編成	3
心細い	3
半ば	3
吸う	3
競争	3
ゴカゴーラ	3
維持	3
南東	3
1976560236	3
収める	3
きく	3
渓谷	3
うろつく	3
決して	3
故	3
アサルト	3
弱点	3
両	3
きっかけ	3
衂	3
神官	3
貢物	3
勿論	3
自己	3
あくまで	3
眤	3
出し	3
計	3
決着	3
つきとめる	3
補助	3
遂に	3
もぐら	3
邏	3
区	3
そろえる	3
ピクミン	3
香	3
具	3
野比	3
我慢	3
頭部	3
殆ど	3
↓	3
／	3
命中	3
素早い	3
1976560354	3
制服	3
着用	3
過信	3
ヘリコプター	3
追尾	3
再開	3
easy	3
不満だ	3
気付く	3
貔	3
出会う	3
なんとなく	3
真ん中	3
御免	3
馬鹿	3
乗り物	3
根性	3
歩行	3
死角	3
凹面鏡	3
利権	3
カリン	3
王立	3
払い	3
ドッボォーン	3
信じる	3
すこし	3
うわらば	3
いいい	3
恨み	3
ぶつける	3
済み	3
しまった	3
ゆく	3
憎しみ	3
貸す	3
正道	3
497621965137049762196529404976219653541	3
書き連ねる	3
4988601004442	3
種	3
芽	3
4976219651370	3
4976219652940	3
49762190026703	3
理想	3
リセット	3
なぞ	3
バ	3
任	3
ConsoleWars	3
序章	3
完	3
ゲイシク	3
よくぞ	3
褒める	3
直せる	3
うし	3
直る	3
有蓋車	3
ごとき	3
失礼だ	3
上段	3
タカ	3
侵略	3
クライアント	3
きゃー	3
10111213	3
眠い	3
おおおおおお	3
不味	3
設備	3
新人	3
６０	3
日常	3
転校	3
別	3
07080910	3
あはははははははっはあっははっはははぎゃははは	3
173	3
さらす	3
ちゃんと	3
ウンチク	3
救急	3
歯	3
自信	3
ーヒゲジ	3
早まる	3
ﾀﾀｯﾀﾀﾀｯﾀ	3
ﾀﾀﾝﾀﾀﾝ	3
ヒゲジーーーーーヒゲオ	3
魔王	3
ヒゲジアップル	3
仇討ち	3
なな	3
マシンガン	3
ええ	3
大魔	3
王様	3
技	3
潰走	3
両翼	3
防戦	3
本陣	3
楯	3
五十	3
浮世	3
栄華	3
ァァァァ	3
さもなくば	3
よーし	3
ぼ	3
ふと	3
格	3
いかなる	3
小手調べ	3
MIssion	3
渡り	3
台風	3
吊り橋	3
3三	3
択	3
下り	3
注意深い	3
観察	3
対決	3
破損	3
キャア	3
ギャ	3
スコープ	3
つい	3
上級	3
士官	3
院長	3
待ち	3
要る	3
大した	3
レナード	3
だあれ	3
構	3
近寄る	3
おさらば	3
ほんとだ	3
これる	3
つまむ	3
THEEND	3
リスク	3
専門	3
茖	3
オセロット	3
ラボ	3
人生	3
Ｅ	3
たしかだ	3
物凄い	3
溶接	3
じきに	3
プロトタイプ	3
経過	3
立ち去れる	3
強硬だ	3
ーーー	3
逸見	3
誇り	3
賭	3
大げさだ	3
危機	3
ゆるゆる	3
瑠偉次	3
ラベル	3
いかがだ	3
越す	3
皆様	3
きっちり	3
脳裏	3
いつか	3
ジーンジーン	3
敵誰	3
迎える	3
整理	3
優れる	3
はできたなよしはじめるぞ	3
なよしここでおとなしくしていろよ	3
扮する	3
じっと	3
き	3
それにしても	3
まだい	3
るな	3
お伺い	3
すし	3
用件	3
手強い	3
呼べる	3
ぉ	3
せましょうあああああああああああああああああああああああああああああああああああ	3
まかせる	3
ゼッカーコンテナ	3
接収	3
カラ	3
発進	3
挟撃	3
長居	3
次兄	3
男そう	3
次瑠偉次	3
なま	3
神妙だ	3
ＧＰＳ	3
北東	3
ろうき	3
おもだ	3
ｔ	3
か入	3
らんか	3
大目	3
あく	3
役割	3
努める	3
解放	3
こる	3
お礼	3
いける	3
twa	3
神俺	3
腐れる	3
バタッ	3
無数だ	3
機影	3
渡り合える	3
戦域	3
あせする	3
休める	3
わり	3
反応	3
たおす	3
けい	3
けんち	3
６５５３５	3
かくとく	3
時点	3
VS	3
出入り口	3
少年	3
工具	3
女子	3
供	3
なでる	3
なく	3
Gogogo	3
ブローカー	3
弱小だ	3
BrokerisdeadLeader	3
frilendsarealldead	3
ああああ	3
無知だ	3
上る	3
あい	3
はぁ	3
きみ	3
共産	3
運転	3
たとえ	3
最善だ	3
こだわる	3
壊れる	3
スピーカー	3
テープ	3
ベトナム	3
少尉	3
屋内	3
見た目	3
小隊長各自	3
ガラス	3
恵む	3
てめえ	3
いい加減だ	3
08091011121314	3
価値	3
もる	3
ホーム	3
あふれ出る	3
ハマー	3
各員	3
0910111213	3
ミス	3
気味だ	3
関わる	3
膨大だ	3
迅速だ	3
迎え	3
ーーーー	3
代わる	3
分隊長	3
ゴッ	3
後発	3
SY	3
60489	3
わたる	3
北西	3
死傷	3
シビックセンター	3
ドッグ	3
891011	3
被う	3
ザコ	3
ジャスラック	3
聴く	3
大変	3
邉	3
貍	3
イエッサー	3
一生	3
ひいては	3
今にも	3
なだれる	3
引っかく	3
拒絶	3
安寧	3
消音	3
経済	3
解ける	3
さま	3
こなす	3
ほ	3
☆	3
XBLUE	3
テイシシマス	3
ガガ	3
スタントマン	3
ゥヴ	3
gdbwwwakyuwgkasbd	3
エルザジーン	3
びっくり	3
わりぃわりぃ	3
かみん	3
帰り道	3
停船	3
真似	3
発動	3
ガシャン	3
知識	3
デルタ	3
イプシロン	3
所定	3
調教	3
58	3
Twitter	3
XMAS	3
被曝	3
中枢	3
招集	2
店長	2
Deefer	2
数々	2
乗り越える	2
テストゲイツゾンビ	2
かわる	2
雪原	2
合計	2
青い	2
決戦	2
ばかりだ	2
直行	2
図る	2
ロッカー	2
萇	2
鮃	2
元々	2
携帯	2
辿りつける	2
探検	2
編	2
パラメディック	2
熱	2
隈なく	2
割れる	2
メンテナンス	2
殺戮	2
繰り広げる	2
衛生	2
環境	2
EPILOGUElunaps	2
ドリー	2
タフだ	2
plz	2
空	2
TERMINATOR	2
装着	2
磨く	2
蹴散らす	2
RURALEXT	2
難度	2
コース	2
マスコミ	2
GATES	2
332	2
STOmake	2
マップゲイツ	2
PSG	2
推奨	2
続発	2
今頃	2
悔いる	2
頼みの綱	2
牛耳る	2
写る	2
消化	2
Home	2
Fn	2
矢印	2
矢先	2
メンツ	2
賭ける	2
旅団	2
邪教	2
信仰	2
教	2
蔵書	2
有する	2
SG	2
架ける	2
エピデミック	2
肝心だ	2
ちなみに	2
回線	2
仮	2
非常口	2
予言	2
少女	2
果たして	2
意見	2
CONFESSIONlunaps	2
滅多だ	2
なんだか	2
言い表せる	2
士気	2
ダイブ	2
橋部	2
陥れる	2
砲撃	2
停泊	2
会談	2
南西	2
諸島	2
猟奇	2
本島	2
向け	2
出港	2
見出す	2
妨げ	2
える	2
すり抜ける	2
LetsvictoryNormandy	2
翅	2
一員	2
たる	2
後日	2
先週	2
交通	2
他界	2
イングラム	2
ニコニコ	2
冗談	2
障害	2
ヤオイ	2
テーマ	2
海賊	2
ぜる	2
荷台	2
固有だ	2
梅島	2
科学	2
DｒG	2
独自だ	2
去り	2
満ちる	2
追突	2
走行	2
真っ只中	2
蠎	2
厳禁	2
とりつける	2
判定	2
取引先	2
従え	2
目眩	2
効果	2
札束	2
先生	2
フェイルォン	2
ゼイ	2
バーズ	2
米	2
古い	2
呑む	2
スペシャルだ	2
公式だ	2
動かす	2
凄い	2
Ｍ	2
２４９	2
不足だ	2
ハンドガン	2
菫	2
紛争	2
数十	2
充分だ	2
嵌まり	2
笑顔	2
感	2
頑張れる	2
こなせる	2
飛び降り	2
シーン	2
連	2
悪名	2
便乗	2
模倣	2
相	2
つかまる	2
IIFINALMIX	2
morion	2
AUGAK	2
広大だ	2
毎年	2
番組	2
間際	2
ピッタリ	2
マラソン	2
黄	2
愚民	2
巻き上げる	2
募金	2
カルガーモ	2
とどける	2
トレーラー	2
トレーラ	2
夜間	2
住まい	2
DEFs	2
まっ	2
地理	2
スタン	2
PS	2
所持	2
やっぱ	2
箏鯊	2
実現	2
しや	2
数人	2
秋	2
湾岸	2
ロシア	2
系	2
盗品	2
反する	2
摘発	2
立ち入る	2
渦	2
場面	2
立ち会う	2
まとまる	2
ID	2
STORY	2
地面	2
例	2
一族	2
同様だ	2
泊まる	2
雑草	2
進捗	2
陵墓	2
けしかける	2
ヤツラ	2
01	2
言動	2
屈する	2
目当て	2
WestLucas	2
篝	2
ホバリング	2
どっち	2
ベイベー	2
本体	2
当	2
雪	2
閉ざす	2
峡谷	2
潜る	2
その方	2
混ざる	2
追従	2
赴く	2
権力	2
離れ	2
支払	2
密会	2
もったいない	2
もどれ	2
居候	2
しふ	2
HKMark	2
SD	2
2018	2
いやー	2
日和	2
さる	2
辿り着く	2
色	2
掠める	2
マイナスだ	2
探査	2
近接	2
打撃	2
たむろする	2
むちゃくちゃだ	2
鮮	2
夕飯	2
封印	2
159	2
カース	2
恐れ多い	2
金箔	2
売り	2
とばす	2
豪華だ	2
各国	2
スピーチ	2
うすでだ	2
姉妹	2
真っ赤だ	2
染める	2
中奴	2
ハリー	2
キャシー	2
見学	2
しめる	2
悪事	2
必然	2
ネタバレ	2
勧める	2
千葉	2
以来	2
宴会	2
本日	2
舞	2
支払う	2
降臨	2
おもう	2
秘蔵	2
フェルス	2
削ぐ	2
掌握	2
出荷	2
難関	2
取り決め	2
遮蔽	2
例え	2
還る	2
ぶらぶら	2
焦る	2
拡散	2
m	2
ずくめ	2
敵陣	2
浮上	2
突き進む	2
めでたい	2
運べる	2
手違い	2
滞在	2
大半	2
HIDEOUTlunaps	2
生ずる	2
自体	2
序盤	2
デリケートだ	2
細菌	2
線路	2
フッフッ	2
フッ	2
寛大だ	2
辛うじて	2
ふた	2
VIP	2
明白だ	2
固定	2
巡察	2
保存	2
BlackHelmet	2
静寂だ	2
ろく	2
旧式だ	2
予期	2
抜け出る	2
貸し切る	2
密だ	2
会する	2
通り抜け	2
工事	2
半透明	2
製品	2
共闘	2
すぐさま	2
描写	2
ブレ	2
勘弁	2
a	2
終盤	2
結束	2
強める	2
屈服	2
怯え	2
請う	2
中継	2
惨めだ	2
生け捕る	2
追い出す	2
対岸	2
他人	2
すっぱい	2
31	2
ベル	2
苦しむ	2
顧問	2
パチンコ	2
首	2
200	2
陰	2
スカウト	2
転	2
おり	2
大手	2
軍需	2
合同だ	2
運用	2
削る	2
くれぐれも	2
掴める	2
常時	2
寝	2
過ごす	2
とう	2
霹	2
電子	2
岸壁	2
言い張る	2
隠れ家	2
つれる	2
蹴り	2
米俵	2
引き揚げる	2
フラフラ	2
歩き	2
哀れ	2
安物	2
国産	2
牛肉	2
いかん	2
取り壊す	2
倏	2
内臓	2
072	2
丸	2
音信	2
不通	2
BOX	2
古墳	2
向い	2
誰なんだ	2
生きのこれる	2
凶行	2
借り	2
IGYO	2
巣食う	2
ムカツク	2
結構だ	2
蠢	2
取り押さえる	2
もともと	2
久々だ	2
団欒	2
あくまでも	2
共通	2
METALFRONT	2
001	2
SPmission	2
ストーン	2
スカイダイブ	2
事細かだ	2
転落	2
農場	2
物体	2
襲来	2
京都	2
御所	2
いずれ	2
奇声	2
転げる	2
遁走	2
人里	2
後悔	2
苛む	2
余生	2
載せる	2
水没	2
博物	2
待ち構える	2
捕われる	2
楽しめる	2
立ち退き	2
ウサマ	2
名のる	2
テレビ	2
局	2
ジョ	2
未完成だ	2
Esc	2
惹く	2
食事	2
匿名	2
いろいろ	2
切り替え	2
切り替わり	2
ださいだ	2
MessageMissonShitThisPlaceisnotExitFinddoorofTureExitGoodLuckHintYouwillfind	2
ExitdoorsYouwonderwhatdoorisTrueExit	2
動	2
RURALDEF	2
ばらつき	2
口封じ	2
集い	2
差し掛かる	2
兵庫	2
神戸	2
否定	2
だいぶ	2
降参	2
出航	2
ジョンイ	2
切れ	2
支給	2
篩	2
無理矢理	2
ジャーナリスト	2
エロい	2
まくる	2
見せしめ	2
人類	2
保釈	2
通行	2
徴収	2
無茶苦茶だ	2
儲ける	2
即刻	2
沢山	2
バーカ	2
回答	2
癒着	2
都心	2
潤沢だ	2
確証	2
懐疑	2
送電	2
RPG	2
示唆	2
無視	2
滅ぼす	2
親玉	2
納める	2
立ち上げる	2
定休日	2
落書き	2
油性	2
整備	2
立ちはだかる	2
シット	2
膠着	2
開戦	2
ふさわしい	2
体力	2
まもれる	2
援	2
へんだ	2
孤島	2
細心だ	2
期	2
隠し持つ	2
建つ	2
なにやら	2
たくらむ	2
持ち	2
←	2
姿勢	2
採る	2
主謀	2
適切だ	2
断行	2
緊密だ	2
行える	2
雑兵	2
くらむ	2
皆無だ	2
栃木	2
とんでもない	2
爆煙	2
CG	2
出入り	2
春	2
なにより	2
たび	2
ブッ	2
入	2
人身	2
アルハポネ	2
潰滅	2
応える	2
全敵	2
形式	2
LetsrecaptureStalingradAllkillingenemies	2
そもそも	2
タクティカルノインラボ	2
ゲイツハゲ	2
転用	2
消臭	2
廃業	2
スケート	2
前哨地	2
左側	2
蓋骨	2
おきる	2
覚醒	2
ﾀｺﾀｺ	2
参考	2
途切れる	2
戦跡	2
具体	2
豺	2
製造	2
破戒	2
上記	2
しでかす	2
予算	2
有益だ	2
転がる	2
探し	2
始まり	2
かけつける	2
けれど	2
欲	2
つもり	2
野営	2
隅	2
応急	2
ＭＦ	2
この世	2
見届ける	2
315	2
土産	2
引き出す	2
川	2
Micr	2
前進	2
年貢	2
収穫	2
表す	2
理解	2
村々	2
一揆	2
親睦	2
深める	2
どくどく	2
タワー	2
洗剤	2
データベース	2
解読	2
望ましい	2
フレンドリーだ	2
ファイア	2
丁度	2
コインランドリー	2
見捨てる	2
ゲイツウヒョ〜ゲイツ	2
パワー	2
踏む	2
981	2
あん	2
埋	2
立地	2
女誰	2
雰囲気	2
ザー	2
ザーザー	2
手ぶらだ	2
ギッシリ	2
57	2
手口	2
きゅい	2
お出まし	2
011	2
箜	2
37	2
ククククク	2
いまさら	2
不意だ	2
喋る	2
ポーカー	2
ツケ	2
重い	2
肩	2
ヘヤ	2
留守	2
土足	2
チクショー	2
ハゲグフッハゲ	2
やら	2
友	2
違	2
そ	2
怯む	2
カウントダウン	2
スフィア	2
末端	2
最適だ	2
推理	2
おはよう	2
ガンバる	2
ペガ	2
キサマ	2
眠れる	2
ォ	2
ギャンブル	2
才能	2
ウルサイ	2
出会える	2
お呼び	2
ママァン	2
ボーナス	2
判子	2
しゃ	2
ゥガサ	2
がた	2
チッテメェ	2
らあなたですやっちまえ	2
グフゥ	2
定義	2
位	2
等しい	2
仕入れる	2
ずいぶん	2
命乞い	2
食いしばれる	2
やるあたたたたたたぁっぁぁぁ	2
わたぁっぁ	2
ツイスト	2
ツイ	2
連帯	2
えらい	2
ごめんだ	2
ALARTALART	2
愉快だ	2
ksdhaakggagawla	2
おおうち	2
しきれる	2
ずれ	2
はずむ	2
ぜひ	2
小細工	2
モデル	2
称号	2
ジーンククク	2
エルザエルザ	2
ネーク	2
蛇	2
あらがう	2
05060708091011121314	2
ニテ	2
信号	2
ハ	2
ゆくゆく	2
ぎえ	2
それほど	2
単体	2
薄い	2
辛抱強い	2
いつまで	2
粘り	2
かしら	2
近辺	2
総括	2
増員	2
近頃	2
圧力	2
強まる	2
不敬だ	2
将軍今	2
埠頭	2
隊員各員	2
サベージ	2
ジカーサベージ	2
免許	2
取	2
いで	2
工夫	2
ゲイ	2
求	2
む	2
明るい	2
垂れ	2
ATM	2
３21	2
返せる	2
汚い	2
触る	2
こっそり	2
P	2
では	2
素晴らしい	2
ラシャ	2
おおう	2
ああっ	2
yuukanapresents	2
自	2
バリケード	2
ソコ	2
宣言	2
官警	2
部品	2
主要だ	2
ピリリ	2
ヴォルギン	2
バカヤロウ	2
検	2
パッケージ	2
全損	2
あがったり	2
断じて	2
延	2
負担	2
尽力	2
プロセス	2
結成	2
あたれる	2
および	2
奮戦	2
ひひ	2
入口	2
52	2
俺達	2
台無しだ	2
励む	2
破砕	2
たかが	2
クッション	2
原材料	2
一通り	2
1415１２３４５６７８９10１２３４５６７８９20１２３４５６７８９30１２３４５	2
ジリリリリリ	2
リリリリリリ	2
疑い	2
裏返	2
ばっか	2
わな	2
思惑	2
ハマる	2
呼び	2
音無	2
カッ	2
プル	2
どうか	2
弱める	2
善処	2
ホットだ	2
コーラ	2
育毛剤	2
うす	2
ほろ	2
すな	2
退役	2
代	2
節約	2
小僧	2
おらおら	2
憑く	2
捕まえる	2
琴	2
デキル	2
登校	2
取り出せる	2
追い払う	2
TimeUp	2
脆い	2
力強い	2
いっぱいだ	2
病	2
ｇｒｈ	2
ｒｄｆｈｚ	2
wolf	2
うわわわゎ	2
にる	2
チーン	2
ハゲクッ	2
クックッ	2
光栄だ	2
邪悪だ	2
ぎゃ〜ぉ	2
ゲイツハッ	2
仏	2
大福	2
くれてやるかあああああああああああ	2
代える	2
武運	2
フフフ	2
J	2
はう	2
掛かる	2
ふぁふぁ	2
蘇る	2
料理	2
卑劣だ	2
ポ	2
BCD	2
ヘボい	2
えひゃい	2
二度と	2
飯	2
急げる	2
足手纏いだ	2
てこずる	2
ごく	2
ろう	2
ひぃぃっ	2
XXXX	2
ましだ	2
御用	2
改め	2
手向かい	2
いたせる	2
ぐわわゎゎぁ	2
異教徒	2
うぉぉぉっ	2
ハラショ	2
瓦礫	2
側面	2
専念	2
褒美	2
取り囲める	2
炭鉱	2
終身	2
雇用	2
保障	2
連行	2
歩ける	2
にい	2
奇跡	2
ゲイツグゲゲゲゲゲェ	2
らいなくなってたよなおかげで	2
掘る	2
ぁなんだそりゃいつ	2
ホラ	2
内通	2
でもいたのかなぁあなたおい	2
シッ	2
おいあいついなくなってるぞ	2
オオォォォォ	2
断然	2
底辺	2
ぶら下がる	2
たて	2
ちまた	2
この後	2
沖合	2
134	2
海里	2
こんばんは	2
品物	2
手榴弾	2
ｄ	2
立てこもり	2
うる	2
ぞこ	2
規制	2
刺激	2
名乗	2
サーモグラフィ	2
変異	2
巣窟	2
ｎ	2
建設	2
働き	2
自身	2
tmp	2
進め	2
廃屋	2
置き場	2
山場	2
980	2
送迎	2
塗装	2
停まる	2
運営	2
クロ	2
格納庫脇	2
もよう	2
前輪	2
ボルト	2
緩む	2
盗める	2
奴等	2
111	2
速度	2
初めて	2
ねずみ	2
慌てる	2
ゲイツオレ	2
かんたる	2
未知だ	2
１２３	2
減る	2
忘れ物	2
乾く	2
ジュース	2
うおおお	2
ぉー	2
プツッ	2
謝他	2
謝今	2
謝る	2
西南	2
近隣	2
納得	2
報せ	2
私兵	2
親友	2
CEO	2
洗う	2
性格	2
蘯	2
気のせい	2
検知	2
着ける	2
地形	2
とて	2
橋上	2
ゴタンダー	2
4WD	2
トドメ	2
刺し	2
ハル	2
TOKYOBAY	2
またぐ	2
ハーゲ	2
ＲＰＧ	2
後片付け	2
失業	2
みなさん	2
おやおや	2
すれ違う	2
ハニート	2
ラップ	2
なんぞ	2
甚	2
ＩＤ	2
押し	2
通れる	2
くはっ	2
Sectionr	2
わんさ	2
切り	2
××	2
ハー	2
こんにちは	2
見え透く	2
挑発	2
たか	2
響く	2
くたばれる	2
ハ〜〜ゲハゲ	2
粗末だ	2
×××	2
ねじる	2
突き	2
暴れ	2
渇く	2
ゴトン	2
HOTEI	2
ウィッフゥープハー	2
五臓	2
六腑	2
染む	2
のう	2
ゴキゲン	2
じょじょ	2
じょ	2
もぞもぞ	2
漏らす	2
ひくひく	2
そっと	2
ＡＩ	2
歩	2
エルザウルスラ	2
育てる	2
人格	2
検出	2
0506070809101112131415	2
鳥	2
むこう	2
休み	2
だは	2
屋根	2
馴染み	2
ライフル	2
ｒ	2
気分	2
それでは	2
ミュージック	2
イテェ	2
ふり	2
唱える	2
43	2
命運	2
仁	2
選択肢	2
好き勝手だ	2
252	2
止す	2
えん	2
員最	2
認定	2
じまう	2
欠ける	2
骨	2
迷い	2
吐く	2
ぁぁー	2
橋内	2
ハンマー	2
マガジン	2
遺体	2
やすむ	2
登る	2
がんばれる	2
今下	2
かりる	2
ぞい	2
キュウニボールガキタモンデヤラレタアルヨーカナシイアルネーアニハセオマケチャッタニダパパーンボクモウダメ	2
せいかつ	2
MADEINUSA	2
いまだに	2
認識	2
鈍る	2
グール	2
素材	2
ｷﾞｷﾞ	2
49	2
4571304473457	2
危うい	2
oretueeeeeeeeeeeeeeee	2
50	2
不十分だ	2
不要だ	2
しご	2
性質	2
ぶつ	2
女自分今	2
女女	2
ところで	2
ご存知	2
かな	2
惨殺	2
メリンダ	2
ぐぁぁぁっ	2
速い	2
コンクリート	2
ァッ	2
体温	2
クロスファイア	2
朝飯前	2
つかい	2
km	2
とり	2
交換	2
実	2
どいつ	2
踊る	2
制	2
認証	2
シマス	2
来訪	2
単身	2
誉める	2
木っ端微塵	2
はははははは	2
はじまる	2
におう	2
ＴＲＡＰ	2
いかにも	2
行き止まり	2
ゴチョゴチョ	2
イーグルゲス	2
寒気	2
消耗	2
スケジュール	2
102	2
HAHAHAHAHA	2
さぐる	2
LiX	2
ビョショビショオワタ	2
＼	2
o	2
コ	2
尻	2
語	2
手出し	2
きんこ	2
細胞	2
分裂	2
安い	2
単純だ	2
バグ	2
引き	2
なす	2
大恥	2
かく	2
とおす	2
たてる	2
２６	2
PM	2
343	2
MKS	2
ピューピル	2
水平だ	2
きまる	2
つかう	2
受け取り	2
たのむ	2
ッガサ	2
ン	2
てめぇ	2
手間取る	2
ひひひ	2
どっか〜んだぜぇっへっへっへ	2
50億	2
蓄える	2
変わり	2
備品	2
承認	2
山麓	2
形状	2
アタック	2
佐	2
Point	2
3319	2
寄こす	2
残余	2
うぉお	2
ビャ〜オヂヴゥガボォガボゲイツ	2
集落	2
ねがう	2
いでる	2
なする	2
GoGoGo	2
材料	2
おりる	2
幹事	2
持てる	2
ババババババ	2
よしこ	2
乗ずる	2
何でもない	2
主人公	2
透け	2
33	2
捕捉	2
艦対地	2
発つ	2
射犯行	2
っはっは	2
パニクッ	2
引き継ぐ	2
ただいま	2
５０１０	2
あなたあはい	2
タチ	2
拡声器	2
丁寧だ	2
突っ込む	2
特攻	2
しれん	2
三十	2
ぐふ	2
聞き	2
心当たり	2
偽物	2
乗り出す	2
断定	2
最長老	2
＝＝	2
45	2
クソサツ	2
思い通りだ	2
示威	2
貶める	2
脱する	2
掴み取る	2
SEIKANTUNNEL	2
青函	2
解釈	2
省	2
ぐふっ	2
階級	2
特	2
進	2
ぐわっ	2
あぼっ	2
ほぎゃ	2
撃	2
返事	2
贈る	2
ビリーバンド	2
イェ〜〜〜〜〜ッ	2
ブン	2
ブンブン	2
軸	2
引き締め	2
倍速	2
なおこ	2
TV	2
消滅	2
むう	2
Prez	2
Doule	2
背後	2
松	2
ひぎ	2
ぁぃ	2
ぃぃぃぃ	2
竹	2
ぐぅぅぅげぇぇぇぇぇぇぇ	2
梅	2
仕組む	2
破綻	2
優位だ	2
失格	2
ZombieVirus	2
Tocompletionofdatatransmission	2
seconds	2
completion	2
覚え	2
モザンビーク	2
RED	2
LetherRED	2
60	2
ドン	2
ひる	2
道連	2
ポチ	2
テンション	2
ナンバー	2
私ごと	2
くらう	2
臭う	2
見つけ	2
カァ	2
チャン	2
ぐはっ	2
ガ	2
フランクだ	2
ハンター	2
BOSSSTAGEvsNULL	2
ぐぁったただ	2
読める	2
見かける	2
致す	2
特性	2
カツ	2
丼	2
お〜	2
っと	2
暴発	2
覗く	2
テント	2
食	2
いちご	2
おでん	2
崩れ	2
優しい	2
従来	2
セントラ	2
ルプロセッサー	2
回転	2
ミラー	2
シナリオ	2
補う	2
自販機	2
ガム	2
ハゲゾンビ	2
ぎゃぁっぁっぁぁっぁぁあああああぁ	2
〜ハゲゾンビ	2
嫌いだ	2
ぅぉ〜	2
復旧	2
バタン	2
うるせぇなぁ〜わざとじゃねぇよもういっぺん	2
ひぎぃぃぃぃぃ〜っもうゆさねぇこいつ	2
クックックッ	2
ほえる	2
ぶひ	2
ィーーーー	2
こめ	2
ヤード	2
事後	2
11121314	2
ブリーチングブリーチング	2
悔しい	2
ウワ	2
LAV	2
450	2
崩落	2
012	2
痛み	2
パパァン	2
〜〜スター	2
演技	2
手本	2
墜	2
画	2
撮れる	2
執行	2
わなわな	2
囚	2
各人	2
シニタクナーイ	2
185	2
リーコンアイ	2
VTOL	2
海域	2
MFS	2
履く	2
軌道	2
本気だ	2
伸びる	2
その先	2
握る	2
アンテナ	2
uwaaaaaaaaa	2
gyaaaaaaaaa	2
孤独だ	2
飢え	2
kjaskdauwhludhlaadj	2
命拾い	2
昏睡	2
小市	2
ベンチ	2
ノコノコ	2
ノンケ	2
度胸	2
さきっと	2
すごい	2
間近だ	2
質問	2
もしもし	2
きこえる	2
おしまい	2
賭け	2
あつまる	2
沿う	2
そる	2
もぐる	2
欠点	2
同盟	2
諸国	2
チク	2
ショウ	2
広	2
野性	2
エッチだ	2
特別	2
あっち	2
恩	2
余	2
かこ	2
目障りだ	2
解く	2
類似	2
無方	2
拡がる	2
飢える	2
利益	2
サイレンサー	2
縦	2
発揮	2
透視	2
遠く	2
牡蠣	2
駄目だ	2
キシュテム	2
亡命	2
人前	2
1112	2
引っ張り出す	2
100万	2
セゲル	2
たす	2
喫茶	2
肉	2
851	2
捜す	2
エルザウ	2
フフフフ	2
多勢	2
無勢	2
トム	2
56	1
重たい	1
立ち寄る	1
とりかえる	1
おっぱ	1
某国	1
卵	1
掻く	1
潜り	1
山道	1
茶色	1
Nightmares	1
かくれる	1
みつけ	1
滅	1
札幌	1
兵舎	1
夜第参	1
enemiesinvasionvillageLetsrecapturevillage	1
Salvation	1
RobotDefense	1
狄	1
叶える	1
ド	1
物騒だ	1
護身	1
サッカー	1
杯	1
開催	1
例年	1
後核	1
スーパー	1
一種	1
壱	1
驚愕	1
ダイビング	1
風船	1
後爆	1
抱える	1
実質	1
拠居	1
Jonathanspreparation	1
見所	1
コインラン	1
所沢	1
しろい	1
宿敵	1
MessageMissonIsawtheexitdoorbutHintDownDownDown	1
洞窟	1
Hard	1
ミンナ	1
ミ	1
アヒャヒャ	1
ウザい	1
略	1
わめく	1
散らす	1
ノイローゼ	1
かわいそうだ	1
練習	1
ナゼワレガコロサレナケレバイケナイロボットダカラカ	1
振り出し	1
案の定	1
不信	1
募る	1
巨額だ	1
〜ハゲ	1
自我	1
ヤバイ	1
チョッキ	1
強	1
邀箚	1
路地	1
一掃	1
防犯	1
曰く	1
思い	1
ごとし	1
臥	1
あやしい	1
くじく	1
艦砲	1
CIC	1
上部	1
一報	1
向う	1
発掘	1
ちれる	1
密告	1
間も無く	1
GHOSTshope	1
110	1
一方的だ	1
邨鯊	1
不正だ	1
感付く	1
さける	1
寝室	1
EnemysinvasiontothejungleLetsdefenseandallkillingenemies	1
鬨の声	1
切り替わる	1
狠	1
越後	1
山脈	1
コクピット	1
宙	1
浮く	1
微弱だ	1
重力	1
見渡す	1
レクリエーション	1
大会	1
企画	1
サバゲー	1
盛り上げる	1
接待	1
親会社	1
天下り	1
叩き上げ	1
年配	1
舐める	1
後輩	1
デルト	1
ゆえん	1
不意打ち	1
給える	1
月面	1
街道	1
山林	1
面	1
皮	1
さること	1
ぴっけるくん	1
頑丈だ	1
wktk	1
手渡す	1
なじょ	1
生きのこる	1
2三	1
送油	1
管	1
破断	1
液	1
なで	1
気化	1
霧	1
必至だ	1
蠑	1
実装	1
魘	1
落	1
不落	1
たって	1
横須賀	1
寄航	1
宛て	1
ハインド	1
ロープウェイ	1
発着	1
対価	1
病気	1
笹塚	1
路線	1
外壁	1
砕く	1
地盤	1
沈下	1
土木	1
密林	1
MAZE	1
早朝	1
ファーストフード	1
ゼイバーズ	1
バレッツ	1
フェイル	1
オン	1
なんの	1
日昼第肆陽動作戦左下図	1
番外	1
振り向く	1
誕生日	1
飾り付け	1
早くも	1
NPｗ	1
b	1
命がけ	1
だんだん	1
噛み付く	1
ｙ	1
炎上	1
要素	1
やけだ	1
乗り気だ	1
香り	1
LetscaptureJapansShrine	1
Latrell	1
篦	1
Beeingfortress	1
EASY	1
ずる	1
ョ	1
おもろい	1
策謀	1
CIAstrick	1
方針	1
決	1
僻地	1
柔軟だ	1
手持ち	1
キャプチャー	1
aStageZombie	1
上越	1
借用	1
金品	1
違反	1
聴取	1
つぶやき	1
飲み	1
GRE	1
ばら	1
撒く	1
こうかだ	1
怖	1
ええええ	1
福井	1
三国	1
07260410	1
トレーダー	1
リターン	1
駒	1
見せかける	1
遺書	1
手袋	1
縄	1
睡眠	1
持ち物	1
st	1
マイ	1
イキナリ	1
Ｗ	1
きせつ	1
ゾン	1
bｗｗｗMISSYON	1
奈川	1
カネ	1
犯す	1
いわゆる	1
フェンス	1
しょうがない	1
好色漢	1
AswineCampbell	1
見通し	1
老	1
申し出	1
超然	1
態度	1
事かく	1
無敵だ	1
沈黙	1
通気	1
孔	1
空き	1
空く	1
MessageYoumustkillallzombiesMissonKillallzombies	1
不測	1
イベントミッション〜エルザ	1
信念	1
AmindofElisasown	1
保険	1
鄒	1
BUILDING	1
防げる	1
CommunicationwithGHOST	1
くさい	1
口臭	1
うえ	1
ーバッチィ	1
汗	1
07191315	1
07191800	1
着地	1
尋ねる	1
情けない	1
努力	1
お陰	1
汚名	1
返上	1
もと	1
異国	1
旅立つ	1
うわさ	1
FlintWood	1
箜箙	1
CCTV	1
Ellie	1
RE	1
差分	1
乱暴だ	1
リメイク	1
広まる	1
川岸	1
脆弱だ	1
莫大だ	1
金額	1
売りさばく	1
大金	1
側近	1
イベントミッション〜ハーフベイクトメン	1
Halfbakedmen	1
床	1
奇妙だ	1
ブレーキ	1
農道	1
ものすごい	1
不吉だ	1
Aninauspiciousprophecy	1
送り届ける	1
normal	1
撃ち落とせる	1
Thelostnumber	1
こわい	1
一新	1
拒否	1
もうこ	1
後艦橋	1
そらす	1
希少	1
軽装	1
甲	1
牽制	1
横転	1
どころ	1
はるかだ	1
進攻	1
異変	1
MessageItsprobablylastlaboratorysectionasdeadbodywhichisinfrontofmeisnotdecomposedbutzomibesarestillinfrontofmeIfIblowdirtyheadofzombieIwillbeabletogooutMissionescapethelaboratoryMapmakerBinicis	1
片方	1
Twinheir	1
MISSYON	1
おとす	1
ストーリー	1
ElisaandUrsula	1
不覚だ	1
うじゃうじゃ	1
衛星	1
市原	1
日々	1
催す	1
佳境	1
ThatSnowBaseisdefencebaseletsoccupationSnowBase	1
常に	1
離す	1
持ち歩く	1
匹敵	1
損ね	1
駐在	1
潜める	1
引きずり出す	1
潔白だ	1
WedonthavefoodandfuelButmanyfoodandfuelintheenemysbaseIncaseofweoccupationenemybaseWecanlivinginwarYousniperallkillingenemies	1
RealcommandsofFOX	1
絶望	1
Cunninghamsrashthought	1
ボスステージウルスラ	1
すなわち	1
導ける	1
割り出す	1
座標	1
見回	1
患う	1
追いつく	1
先発	1
大切だ	1
手柄	1
携わる	1
防空	1
壕	1
空襲	1
退場	1
引き分け	1
2012	1
発端	1
検閲	1
解析	1
注	1
沖縄	1
本州	1
後者	1
まとめ	1
ST	1
研修	1
旅行	1
しいれる	1
行き来	1
ThisNachisweaponsfactoryLetsattackfactory	1
あいにくだ	1
見計らう	1
遠浅	1
沿い	1
構築	1
要	1
モミアゲ	1
司法	1
解剖	1
ホール	1
慌ただしい	1
喧騒	1
一転	1
緊張	1
窺える	1
使い果たす	1
トランシー	1
バー	1
MessageIfoundunknownsoldiersbutTheydidntcaremeJusttheysaidheymanhelpuspickupthatweaponMaybetheywerepreparingthebattleyesIhelpedthemtoprotectmyselfMissionKillzombiesinoutsidewithsoldiersMapmakerBinicis	1
酣	1
結託	1
役員	1
ディスク	1
ソフトだ	1
マネ	1
KT	1
ギミック	1
SIMPLE	1
篆	1
コンティニュー	1
オリジナルだ	1
MessageYoumustkillallzombiesandSaveyourselfMissonKillallzombies	1
Genestrumpperson	1
採掘	1
半減	1
よそ	1
優雅だ	1
NULLssalvation	1
いろんな	1
悪行	1
もどれる	1
生じる	1
フリーズ	1
志賀	1
高原	1
しんしだ	1
森林	1
戦況	1
篥	1
蟶	1
霆	1
19982015	1
GWM	1
Tips	1
blockeditorgmalakpointeditorfodrl	1
Fear	1
だの	1
LetsrecaptureStalingradYousniperAllkillingenemiesandkillsofficer	1
喪失	1
進展	1
Thepainandthegainofthewar	1
創作	1
強敵	1
独り言	1
黒幕	1
消息	1
Theneedofsoldiers	1
愛嬌	1
Xoperation	1
maker	1
√	1
ハート	1
かし金	1
もしも	1
失策	1
Cunninghamsfault	1
迎賓	1
いつまでも	1
象徴	1
案ずる	1
埒	1
明く	1
ベストだ	1
魔	1
DaleBase	1
要望	1
感想	1
HP	1
掲示板	1
チンピラ	1
高混沌度高難易度	1
カップル	1
ショット	1
ガン	1
取り出す	1
イベントチェーン	1
SUBHALL	1
ばっかりだ	1
自滅	1
GalaxyWithMap	1
ヤツラガワレノイエヲツカマエニキタ	1
Hopeofthedespairsppacksppack	1
たんなる	1
確率	1
通達	1
ランド	1
81	1
みなす	1
最小だ	1
限	1
Theappearanceoftherefugee	1
分間	1
HopeofthedespairinBLUEtimeEXEREDtime	1
襍鯊	1
ｸｸｸｸ	1
YoucamouflageGermanButEnemiesareawareofyouEnglandsoldierYouallkillingenemiesintheshipAndescapethebattleship	1
REX	1
統制	1
懸命だ	1
前もって	1
キャンペーン	1
で来る	1
暖かい	1
34	1
誤る	1
復帰	1
不可抗力	1
長ったらしい	1
削除	1
夫人	1
本格	1
楽勝	1
MessageSaveyourselfMissonKillallzombiesandrobot	1
ときめく	1
韓流	1
キムジョン	1
殺到	1
熱狂	1
押し倒す	1
ホン	1
略称	1
たまたま	1
マイル	1
耐久	1
整合	1
07190640	1
BigDoveHARDMODE	1
寄る	1
たいして	1
おもしろい	1
DealmPolis	1
牾篩	1
不景気だ	1
ＧＷＳGATESWALLPAPERSYSTEM	1
うろたえる	1
有用だ	1
すし詰め	1
トン	1
激突	1
アジア	1
隹	1
GardenHouse	1
Garden	1
36	1
ThereasonElisabetrayedGene	1
ギレ	1
職場	1
諸	1
用心棒	1
SPPACK	1
あざ	1
非常識だ	1
鮠	1
異	1
暇潰	1
orz	1
0975	1
しもべ	1
いもうと	1
モンスター	1
ボール	1
帰国	1
貨客船	1
千景	1
峰	1
ぬく	1
HopeofthedespairinBLUEtimeDEFREDtime	1
臨時	1
収納	1
Hold	1
ﾇﾏﾇﾏ	1
公表	1
籠もる	1
屑共	1
かう	1
Hopeofthedespairtest	1
てきとーだ	1
手抜き	1
走り回る	1
シロ	1
だよる	1
ＺＥ	1
イギリス	1
ロンドン	1
回避	1
追いやる	1
高まる	1
リモート	1
きたす	1
運よく	1
OPTIONALCHALLENGEEXTREME	1
奇病	1
見込み	1
veryhard	1
反す	1
有る	1
道理	1
なりて	1
愚者	1
メインプログラム	1
オート	1
デス	1
夜目	1
しのぐ	1
イベントミッション〜ジーン	1
演舌	1
Genesharanguetominds	1
味	1
StrawberryODEN	1
素人	1
実物	1
EnemiescaptureourtownWeRecaptureourtown	1
揃え	1
相方	1
滑り	1
異様だ	1
空気	1
錯乱	1
DerangedNULL	1
鉱山	1
ElisasHope	1
HopeofthedespairinREDtimeKTBLUE	1
恋人	1
人気	1
スポット	1
Chancetonight	1
聖戦	1
アベック	1
天罰	1
嫉妬	1
団員	1
とほ	1
ざく	1
大幅だ	1
グレード	1
アップ	1
mm	1
残党	1
盡	1
長男	1
シベリア	1
北端	1
成人	1
儀式	1
モニュメント	1
迷路	1
うろうろ	1
参拝	1
資産	1
マインド	1
心頭	1
統べる	1
察する	1
後ろ手	1
臨界	1
引き金	1
誘爆	1
とまる	1
ﾀﾌﾀﾌ	1
鯢	1
ComingofElisashelp	1
急激だ	1
埋め	1
埋立	1
出演	1
邦画	1
主演	1
ボスステージヌル	1
状	1
拝啓	1
過ごし	1
存ずる	1
てこ	1
全人	1
総	1
暁	1
睨み合う	1
互いに	1
提案	1
草々	1
つけ	1
参入	1
筋力	1
アシスタント	1
立候補	1
セクハラ	1
弐	1
最新だ	1
導入	1
模擬	1
持久	1
大軍	1
デスマッチ	1
260	1
勝者	1
Newnucleararm	1
帯広	1
SCP	1
襍	1
雎箙	1
ｽﾅｽﾅ	1
東北	1
自治	1
一面だ	1
風景	1
先ず	1
視覚	1
衰退	1
〜マシーン	1
MessageYouwillfindDeadbodyandyouknowthatmeanSaveyourselfMissonKillallzombiesandfinddoorofExit	1
犖	1
亜	1
加齢	1
臭	1
後下	1
堕ちる	1
Thecolonelintoeclipse	1
07181900	1
07190130	1
明かり	1
PYTHON	1
むかえる	1
どく	1
MissionClear	1
NULLsname	1
強襲晩御飯争奪戦晩飯	1
晩飯	1
吹き飛ぶ	1
振る	1
ｍｐ	1
Rouse	1
GateWayMap	1
台頭	1
デモンストレーション	1
到底	1
貫通	1
レティクル	1
講演	1
むける	1
リハーサル	1
さきほど	1
タッグ	1
ノリノリ	1
中断	1
HappyNewYear	1
世間	1
正月	1
元旦	1
単騎	1
bStageHuman	1
辻褄	1
合わせ	1
微妙だ	1
130	1
課せる	1
430	1
CLASSCHANGER	1
MEIBO	1
虐殺	1
幸運だ	1
ソーラー	1
嫌気	1
セントラル	1
セッサー	1
残飯	1
嗅ぎ付ける	1
費	1
あてる	1
反感	1
牢屋	1
後本	1
劇場	1
蠹	1
上こう	1
手助け	1
邂逅	1
FatefulencounterwithNULL	1
現実	1
025	1
独占	1
火事	1
貘簑	1
廃線	1
江東	1
若洲	1
海浜	1
あんなに	1
メモ	1
帳	1
差し向ける	1
ヴァーチ	1
アメ	1
突如たる	1
大陸	1
広める	1
SWAT	1
07192245	1
手記	1
伝わる	1
次々	1
解雇	1
クーデター	1
走れる	1
密着	1
葛藤	1
NULLsriptide	1
Achanceencounter	1
サブタイトル	1
いっぱい	1
プラネタリウム	1
親衛隊	1
苛烈	1
極める	1
早期	1
実践	1
富山	1
爛	1
こく	1
らん	1
市場	1
ポンプ	1
申し込む	1
突ける	1
憶える	1
なれ	1
精神	1
2100	1
28000	1
メートル	1
酘	1
品川	1
侵す	1
山梨	1
丹波	1
山村	1
向き	1
太陽	1
熱波	1
滅茶	1
苦	1
いきなり	1
中間	1
火山	1
鉱物	1
採れる	1
絡み	1
ヤクザ	1
放題	1
策	1
主力	1
切断	1
浄水	1
防止	1
持ってこいだ	1
済ませる	1
07200300	1
我侭	1
立場	1
07221230	1
引渡し	1
バトルギア	1
終	1
Thefalseend	1
降り	1
ｗMP	1
おびき出す	1
HSｗｗ	1
0309	1
TESTMAPISRAND	1
SOS	1
仮面	1
不運だ	1
ランドリー	1
多額だ	1
ちくしょおぉぉぉぉぉぉぉぉぉぉぉぉぉぉぉぉ	1
MISSION	1
BADEND	1
からい	1
ほど遠い	1
概算	1
上回る	1
なんだかんだ	1
やくせる	1
いそ	1
ばむ	1
道中	1
ガチャーン	1
階下	1
Д	1
土砂	1
始	1
ガッ	1
よせる	1
熱い	1
貯まる	1
懸ける	1
尽くす	1
足る	1
預かる	1
謝命	1
きちんと	1
ラン	1
薄汚い	1
お方	1
叩き出す	1
見苦しい	1
人望	1
呼ばわり	1
シュウ	1
ウウゥゥゥ	1
家畜	1
拝める	1
わが	1
ぐっする	1
がっく	1
頼	1
レーダー	1
ックソッ	1
playerkilled	1
こらえる	1
ナカマナカマ	1
２４	1
小学生	1
１分の６０分の１	1
８６４００分の１	1
セシウム	1
133	1
原始	1
基底	1
微細だ	1
遷移	1
放射	1
周期	1
91億9263万1770	1
正直だ	1
サボる	1
読書	1
耽る	1
パンチ	1
ロイオトナ	1
溜まる	1
とぐ	1
執心	1
物音	1
スキル	1
頭脳	1
インテリジェンス	1
生育	1
サヴァイヴァビリティ	1
カリスマ	1
弟子	1
いわば	1
ハハ	1
余興	1
飛び入り	1
返し	1
スス	1
子ども	1
20347221341	1
速	1
ヤカニ	1
シ	1
ニアタッテクダサイ	1
引ける	1
アレ	1
全発射口	1
ちなみ	1
可	1
棒	1
アリ	1
シュウウゥゥ	1
だこうだ	1
幸い	1
今朝	1
がいかん	1
後続	1
ステップ	1
出迎える	1
うなる	1
ゲイツパパ	1
ツパパグハッ	1
怨	1
祝う	1
ゲイツママ	1
妊娠	1
てきゃぁぁっぁぁぁ	1
キャプチャ	1
騒動	1
気取る	1
かす	1
綱渡り	1
的	1
ジャンプ	1
爆風	1
ダーク	1
ドロンコ	1
クイズ	1
泥	1
即死	1
基準	1
リロード	1
タイム	1
160	1
1911	1
MAC	1
Xoperations	1
ninetwo	1
卒業	1
クックック	1
on	1
郛	1
ﾂｴﾂｴ	1
ドオオオオォォォォォォォォン	1
生身	1
GRU	1
グルー	1
ジーンハッ	1
実に	1
入力	1
受け付ける	1
シークエンス	1
か青	1
チキン	1
La	1
大戦	1
Fw	1
190	1
フォッケウルフ	1
Bf	1
109	1
メッサーシュミット	1
互角だ	1
傑作	1
MiG	1
ミグ	1
スホーイ	1
蜂	1
巣	1
ハッハッハッハッ	1
氷	1
乙	1
ありがたい	1
ロボシュワ	1
シュワ	1
SECRETARMS	1
2024	1
宣戦	1
布告	1
中敵新	1
逃れる	1
20347192237	1
送り出す	1
戦局	1
野山	1
綺麗だ	1
断固	1
大地	1
ぴっける	1
ぽち	1
END	1
見落とす	1
一言	1
挨拶	1
らて	1
ぁしねえよ	1
木	1
リタイア	1
２００	1
１００	1
ドロー	1
はははは	1
１００万	1
ドル	1
スマイル	1
先月	1
家賃	1
ＢＮ	1
ＨＫ	1
受信	1
ッアレックス	1
ぎおう	1
ジーンアメリカ	1
資格	1
偶発	1
事象	1
合わす	1
凶暴だ	1
惨状	1
目だ	1
焼き付ける	1
ジーンジーーーーーーーーーーンジョナサンボス	1
ぎゃあぁあそろそろ	1
出迎え	1
あがる	1
笑い声	1
喜び	1
悲しみ	1
暗闇	1
どんなに	1
高潔だ	1
盞	1
よこせる	1
i	1
くぁ	1
ｄｒｆｔｇｙ	1
ふじこ	1
ｌｐ	1
曲者	1
囮	1
随分だ	1
修正	1
本番	1
GOGO	1
ｶﾙｾｶﾙｾ	1
貮	1
艤	1
飜	1
絶えず	1
このむ	1
作れる	1
器具	1
グロズニィグラード	1
づらい	1
以降	1
ぇ	1
牾箒	1
牾	1
マンション	1
ロイトラック	1
順次	1
戦功	1
傷	1
銃創	1
腋窩	1
静脈	1
損傷	1
動脈	1
マシ	1
なもっと	1
だもっと	1
臆する	1
エルザス	1
わそう	1
退散	1
全軍	1
20347190134	1
見回る	1
加	1
鼠	1
あご	1
カニンガムヌル	1
野	1
カランガラガラガラガラガシャーーーーーン	1
鉄骨	1
敬意	1
然る事	1
財産	1
無為だ	1
損なう	1
切だ	1
ぐぐ	1
うーん	1
ぞし	1
かし	1
統率	1
食い違う	1
けれども	1
ガサガサ	1
切迫	1
感触	1
正直	1
首尾	1
思いやる	1
視野	1
検討	1
ぃ	1
腰抜け	1
有様	1
原体	1
泣き言	1
大急ぎだ	1
ハゲウギャ	1
今橋	1
ヘタだ	1
マズイ	1
やれやれ	1
目立つ	1
割く	1
怪しむ	1
アクセス	1
モルゲンシュテルン	1
経歴	1
不慮	1
君彼	1
意図	1
普通	1
負債	1
かぶる	1
筋書き	1
サイコキラー	1
貪欲だ	1
GOID	1
してくれうわぁああきゃぁぁぁくくそ	1
こぎつける	1
不可欠だ	1
むぅ	1
うって変わる	1
逆算	1
ナシだ	1
討つ	1
譯	1
ｾﾟｷｹｾﾟｷｹ	1
ギャア	1
不毛だ	1
価格	1
終止符	1
KOROSEKOROSE	1
Grenade	1
持ち堪える	1
正常だ	1
ちから	1
クラス	1
なくす	1
交わす	1
名乗れる	1
привидение	1
プリヴィディエーニ	1
しょせん	1
飾り	1
地表	1
積める	1
こまれる	1
服	1
先制	1
Ｔ	1
メテオ	1
リレイズ	1
起き上がる	1
値	1
貰える	1
追っ手	1
容態	1
小康	1
ロイジーン	1
口説く	1
余計だ	1
痛めつける	1
手の内	1
在り	1
処	1
カニンガムポリシー	1
自白	1
剤	1
信憑性	1
効率	1
せいぜい	1
引き延ばす	1
往生	1
予想外だ	1
点耳	1
有力だ	1
施錠	1
電磁石	1
通常	1
難攻不落	1
フリーだ	1
調べ	1
ありか	1
仕掛け	1
下りる	1
体当たり	1
外装	1
グラビア	1
ポスター	1
貼る	1
置き去り	1
無反動砲用	1
HEAT	1
1919	1
銃身	1
鋼板	1
インチ	1
えい	1
贈り物	1
護兵	1
20347221303	1
どうでも	1
自律	1
CPU	1
死者	1
人命	1
なんとも	1
人道	1
推進	1
染まる	1
反対だ	1
一杯だ	1
内壁	1
癖	1
発火	1
一瞬	1
途方	1
暮れる	1
間一髪	1
蘇生	1
立ち話	1
何度	1
完璧だ	1
少しずつ	1
ささ	1
せんぞ	1
座	1
断じる	1
ボスゾンビ	1
キャ〜ジョン	1
〜キャージョ	1
キャージョ	1
私…	1
うれしい	1
卒倒	1
秘める	1
ジョン	1
調節	1
放っておく	1
際限	1
変える	1
得意だ	1
CQC	1
加担	1
アンチ	1
パイソンウェットワーク	1
ｴｿｴｿ	1
衄	1
帰り	1
今では	1
若造	1
なにもかも	1
わずかだ	1
馬鹿馬鹿しい	1
シンプルだ	1
欲望	1
ちっぽけだ	1
比べる	1
どれほど	1
20347190652	1
裏門	1
ノ	1
待	1
チマス	1
３２１０	1
ァァァゲイツ	1
ダ	1
タ	1
ツナだ	1
コイツだ	1
ゲイツナナンダト	1
老人	1
気晴らし	1
ロイモーツ	1
アルト	1
意外だ	1
知人	1
宛	1
手紙	1
ウ	1
戦記	1
楽曲	1
なめる	1
なんでも	1
抱腹絶倒	1
もしや	1
つんのめる	1
煤ける	1
BOSSSTAGEvsRAXACrawlForm	1
ネット	1
自重	1
しる	1
厨二	1
痛	1
ポエム	1
ちょ	1
ローン	1
新車	1
経費	1
ねる	1
まにあう	1
なになに	1
かんがえる	1
さいきょうだ	1
しゅじん	1
゛	1
発狂	1
ヒック	1
飲める	1
ましぇーん	1
酔いつぶれる	1
キキキエ	1
はやい	1
ウイイイィィィィィィン	1
チッ	1
追放	1
見放す	1
扇動	1
粛清	1
カチンッ	1
カチカチ	1
あっけない	1
結末	1
ハハハハハ	1
コウドウフノウ	1
ゲンカイ	1
ゲイツフ	1
ッフッフ	1
製菓	1
白馬	1
ＧＷＳ	1
遮る	1
見通せる	1
戻せる	1
使い分ける	1
GAMEOVER	1
ぎおえる	1
立派だ	1
撲殺	1
愛しい	1
美しい	1
さす	1
見合い	1
カッコいい	1
結婚	1
なゆる	1
116117	1
従者	1
見捨て	1
無念だ	1
世の中	1
だたる	1
冒涜	1
レコード	1
逆らう	1
伺う	1
二階	1
殺	1
有能だ	1
身の上	1
盲点	1
プレコグ	1
得体の知れない	1
KGB	1
シラ	1
ずつ	1
ぐほぁっやめろっ	1
ぐぁっ	1
ﾏﾇﾏﾇ	1
GAA	1
霽	1
ﾆｾﾆｾ	1
マズイサツ	1
迎え撃てる	1
にし	1
落ち着く	1
堅い	1
自ずと	1
攻勢	1
大部分	1
総出	1
後々	1
ズカズカ	1
徹する	1
ホーソン	1
岩	1
Lock	1
ミソ	1
まお	1
さんあ	1
クーネス	1
クー	1
ネスクだ	1
ネスゲイシジョプズ	1
刺客	1
ぬう	1
捧げる	1
見失う	1
除隊	1
魂	1
財政	1
六	1
支出	1
総合	1
全霊	1
斜めだ	1
苦慮	1
サービス	1
どうにでも	1
活かす	1
即	1
FEYKDQ	1
ソレデハヒントヲ	1
ぐぐおぉぉぉ	1
ずらせる	1
ぅぅぅ	1
休止	1
厳	1
尋常だ	1
赤外線	1
見分け	1
スラッシュ	1
毎度	1
折れる	1
治す	1
捕らわれる	1
平然たる	1
まかす	1
っきり	1
してきだ	1
苦しめる	1
有り難い	1
空ける	1
落とし	1
ちまえ	1
JAGGURED	1
たた	1
たら	1
FghRED	1
だまれる	1
ろ	1
ppgjrwsignvsdaadasdadcasdvipBLUE	1
ｗｗｗｗｗｗｗ	1
境内	1
毎日	1
イェイ	1
ほらほら	1
いえ	1
教育	1
疑問	1
究極	1
五感	1
シャットアウト	1
感覚	1
鋭敏だ	1
研ぐ	1
澄ます	1
故に	1
真似る	1
学習	1
すら	1
エルザヌル	1
不確実だ	1
涙	1
果報	1
ほどほどだ	1
ごめんなさい	1
興奮	1
ーふ	1
内緒	1
りょ	1
∠	1
あね	1
オオホン	1
しんずる	1
おれ	1
チョォォーップ	1
ヤケ	1
体臭	1
あほ	1
何今	1
Police	1
おれる	1
休日	1
出勤	1
冥土	1
やろう	1
なにも	1
尊い	1
運動	1
ゲリラ	1
ナイフ	1
何十	1
無垢だ	1
率直だ	1
懐	1
冷酷だ	1
狩人	1
奪い取る	1
片言	1
イェー	1
ガー	1
ヌルフランク	1
イェーガー	1
サポーター	1
イタリア	1
aaaaaa	1
張り紙	1
Letsgo	1
Hage	1
oretueeeeeUaaaaaaaaaaaaaaaaaaaaa	1
障壁	1
故郷	1
前評判	1
上々だ	1
修理	1
乗客	1
迷惑	1
キャ〜〜〜〜〜ジョン	1
ル〜〜	1
〜〜〜〜	1
おとり	1
減らす	1
長らく	1
胸	1
各位	1
動向	1
到来	1
生憎	1
寝かせる	1
差し入れる	1
監獄	1
詰まれる	1
たの	1
僅かだ	1
カロリーメイト	1
ぶり	1
がな	1
酸味	1
ダシ	1
程好い	1
煮	1
ちご	1
食感	1
ロイスネ〜〜〜ク	1
抜け駆け	1
堂々たる	1
だく	1
PK	1
サイコキネシス	1
人工	1
過程	1
引き換える	1
ぎゃ	1
ギャアアア	1
ウウウウウウ	1
ゥゥゥゥゥゥ	1
咆哮	1
手加減	1
BOSSSTAGEvsRAXA	1
クーデダー	1
たったいま	1
総員斉射敵戦闘員	1
カーネル	1
ﾃｵﾃｵ	1
生命	1
続	1
実際	1
駆け抜ける	1
迫真	1
坂道	1
煙幕	1
はる	1
アクション	1
カァァァァァット	1
リアルだ	1
どうのこうの	1
もしかしたら	1
類	1
ぐわああぁぁぁぁ	1
リーコン	1
アイ	1
呼びかけ	1
領海	1
侵犯	1
本機	1
母艦	1
いじる	1
空軍	1
継続	1
発艦	1
囲める	1
野郎共	1
あちら	1
ッス	1
ｗLock	1
MFE	1
えまじ	1
やべ	1
ｗｗMFS	1
Flack	1
マジカ	1
ｗｗｗｗｗｗｗｗｗｗｗｗｗｗｗｗｗMFF	1
飛べる	1
Verl	1
ｗｗｗｗMFTH	1
ｔｔｔｔ	1
とんでやるともいいくぞおあぁあああああああああああああああああああああああ	1
MFG	1
マジ	1
ｗｗｗｗ	1
ｗｗｗｗｗｗｗｗｗ	1
カトヤング	1
クレムリン	1
出来事	1
干渉	1
大騒ぎ	1
どおり	1
かしかし	1
大体	1
見当	1
雇い主	1
会う	1
果たす	1
ヌルヌル	1
あれほど	1
植える	1
侮れる	1
HJRED	1
KlartGhauBLUE	1
VaBLUE	1
股間	1
級	1
過言	1
サプレッサー	1
麻酔	1
万一	1
アクシデント	1
曝す	1
癸	1
猝	1
眠り	1
行く末	1
安らかだ	1
安息	1
ばかだ	1
くそたれ	1
ENEMYkickedgocagola	1
B×	1
本人	1
細かい	1
借りる	1
許	1
ぞふ	1
引き下がる	1
乗じる	1
臨戦	1
視認	1
蹴散らせる	1
加勢	1
現行	1
あんまり	1
荒立てる	1
穏便だ	1
済ます	1
並びに	1
掃滅	1
パラシュート	1
ひつようだ	1
テキノシンニュウヲカクニンハイジョセヨ	1
個別	1
実用	1
たしか	1
精度	1
ABM	1
砲台	1
あらゆる	1
走破	1
いっさい	1
ICBM	1
乗せる	1
領	1
たとえば	1
サターン	1
ブースター	1
やがて	1
合衆国	1
ソビエト	1
連邦	1
権威	1
泥沼	1
飛躍	1
遂げる	1
軍拡	1
つき合う	1
余力	1
解き放つ	1
民族	1
主義	1
貧富	1
差	1
煽る	1
外れる	1
それどころか	1
残量	1
きゃぁぁぁ	1
頼り	1
あたし	1
プラダ	1
バッグ	1
なめ	1
とん	1
ヲラァ	1
連れだつ	1
ぁぁぁぁぁぁ	1
MissionUpdate	1
訴える	1
アテ	1
しらみ潰し	1
39	1
危機一髪	1
緊迫	1
火薬	1
きなりだ	1
ーーージョン	1
ル〜〜〜	1
静める	1
アクションカァァァァァット	1
ようする	1
ふてぶてしい	1
ブタ	1
顔色	1
脅し	1
脅す	1
さあな	1
しな	1
シンニュウシャシンニュウシャ	1
本館	1
っこ	1
アダルト	1
ビデオ	1
上映	1
あやつる	1
探し物	1
しょうぐん	1
有り	1
r	1
115	1
215	1
415	1
515	1
615	1
715	1
815	1
915	1
1015	1
1115	1
1215	1
1315	1
1415	1
1515	1
ゼリー	1
星	1
敢	1
歩む	1
サイズ	1
愚鈍だ	1
消費	1
堕落	1
漂う	1
幽鬼	1
如し	1
大衆	1
無関心だ	1
正す	1
衆愚	1
カロリー	1
現代	1
顕示	1
バッシング	1
発禁	1
悪しい	1
傀儡	1
ンナン	1
イフ	1
がく	1
宇都宮	1
チャーター	1
祟る	1
殺傷	1
敵襲各隊	1
いらっしゃい	1
なんだてめぇあ	1
だに	1
おおおおおおおお	1
廃人	1
ビビる	1
見せつける	1
そうして	1
ケリ	1
ちく	1
リリーダー	1
見舞い	1
見物	1
ナンだ	1
インポ	1
風呂	1
亜鉛	1
アソコ	1
血行	1
散る	1
くだらない	1
わかったわかった	1
うなされる	1
両親	1
降り注ぐ	1
灰	1
ビキニ環礁	1
何となく	1
産む	1
託す	1
組立	1
訊く	1
原子	1
学者	1
ウラル	1
惨事	1
人手	1
エエルザ	1
テレパシー	1
話せる	1
頼れる	1
組み立て	1
遠からず	1
遥かだ	1
高ずる	1
骨抜き	1
頼る	1
まてる	1
無関係だ	1
隣人	1
恨む	1
まぎれる	1
地球	1
突き刺す	1
パアァァァァン	1
だね	1
YOUPC	1
GO	1
推測	1
ALARM	1
ナ	1
NA	1
こりゃ	1
づつ	1
寄り添う	1
座席	1
落し物	1
おそ	1
ヴ	1
よくも〜〜〜〜ぁあああぁあ	1
昼間	1
ぅぅぅぅ	1
うう	1
喰う	1
ひぃぃぃいぃいいいいいいいく	1
かどだ	1
こか	1
20347192018	1
ナイトメアホーク	1
遠慮	1
ハハハッパイソン	1
うぉおおおぅくっ	1
凍える	1
かじかむ	1
震え	1
霞む	1
豆	1
見分ける	1
そりゃ	1
ポツネン	1
滑稽だ	1
踏まえる	1
立ち回る	1
Ｆ	1
Ｇ	1
ぶぎゃっ	1
あ行	1
止む	1
ぐえる	1
水色	1
毎晩	1
責める	1
今更	1
パイソンパイソン	1
相まつ	1
みえる	1
役目	1
BOSSSTAGEvsPython	1
14128	1
数字	1
変換	1
よしっ	1
紛らわしい	1
改良	1
ガシャ	1
アアァァァァン	1
ぐぐわあぁぁぁ	1
続出	1
ちい	1
弱音	1
全うする	1
餞	1
盞鯊	1
大人	1
更生	1
いん	1
空白だ	1
埋める	1
クロロキン	1
耐性	1
景気	1
細長い	1
ブーッブーッ	1
NULL	1
痒い	1
くろい	1
発症	1
寸前	1
あた	1
マ	1
ア	1
評価	1
一杯	1
‘	1
’	1
短い	1
再会	1
手遅れだ	1
勝ち	1
すまんな	1
いやはや	1
手厚い	1
歓迎	1
うら	1
哀れだ	1
従兄弟	1
貴	1
ジャマ	1
かんそだ	1
傷つく	1
なだ	1
ムダだ	1
FILE	1
R	1
枢	1
ファズル	1
通	1
ギョエェーーー	1
ヘマ	1
振り込む	1
潮時	1
